timestamp,region,pm25,temperature,humidity,pm25_zscore,temperature_zscore,humidity_zscore
2024-12-31 21:30:00+00:00,New Delhi-8118,286.0,20.16,55.91,1.04,-1.71,0.5
2025-01-01 01:30:00+00:00,New Delhi-8118,185.0,20.65,47.49,0.58,-1.59,-0.24
2025-01-01 05:30:00+00:00,New Delhi-8118,193.0,32.29,48.4,0.61,1.08,-0.16
2025-01-01 09:30:00+00:00,New Delhi-8118,196.0,20.35,51.89,0.63,-1.66,0.15
2025-01-01 13:30:00+00:00,New Delhi-8118,206.0,31.57,38.57,0.67,0.91,-1.02
2025-01-01 17:30:00+00:00,New Delhi-8118,205.0,23.98,69.18,0.67,-0.83,1.67
2025-01-01 20:30:00+00:00,New Delhi-8118,158.0,33.69,32.72,0.45,1.4,-1.54
2025-01-02 00:30:00+00:00,New Delhi-8118,174.0,33.43,60.81,0.53,1.34,0.93
2025-01-02 04:30:00+00:00,New Delhi-8118,204.0,27.18,45.82,0.66,-0.1,-0.39
2025-01-02 08:30:00+00:00,New Delhi-8118,190.0,25.99,63.46,0.6,-0.37,1.17
2025-01-02 12:30:00+00:00,New Delhi-8118,198.0,34.11,62.04,0.64,1.49,1.04
2025-01-02 16:30:00+00:00,New Delhi-8118,291.0,28.25,53.05,1.07,0.15,0.25
2025-01-02 19:30:00+00:00,US Diplomatic Post: New Delhi-8118,210.0,29.13,31.61,0.69,0.35,-1.64
2025-01-02 23:30:00+00:00,US Diplomatic Post: New Delhi-8118,220.0,27.44,34.85,0.74,-0.04,-1.35
2025-01-03 03:30:00+00:00,US Diplomatic Post: New Delhi-8118,180.0,20.74,47.07,0.55,-1.57,-0.28
2025-01-03 07:30:00+00:00,US Diplomatic Post: New Delhi-8118,431.0,33.42,44.12,1.71,1.34,-0.54
2025-01-03 11:30:00+00:00,US Diplomatic Post: New Delhi-8118,208.0,28.36,60.2,0.68,0.17,0.88
2025-01-03 15:30:00+00:00,US Diplomatic Post: New Delhi-8118,261.0,30.71,43.18,0.93,0.71,-0.62
2025-01-03 22:30:00+00:00,US Diplomatic Post: New Delhi-8118,195.0,20.07,42.54,0.62,-1.73,-0.67
2025-01-04 02:30:00+00:00,US Diplomatic Post: New Delhi-8118,167.0,28.97,46.22,0.49,0.31,-0.35
2025-01-04 06:30:00+00:00,US Diplomatic Post: New Delhi-8118,416.0,33.53,49.48,1.64,1.36,-0.06
2025-01-04 10:30:00+00:00,US Diplomatic Post: New Delhi-8118,352.0,33.31,58.75,1.35,1.31,0.75
2025-01-04 14:30:00+00:00,US Diplomatic Post: New Delhi-8118,283.0,30.16,41.54,1.03,0.59,-0.76
2025-01-04 18:30:00+00:00,US Diplomatic Post: New Delhi-8118,308.0,24.36,69.65,1.15,-0.74,1.71
2025-01-04 21:30:00+00:00,New Delhi-8118,-999.0,20.36,64.62,-4.9,-1.66,1.27
2025-01-05 01:30:00+00:00,New Delhi-8118,-999.0,25.81,35.99,-4.9,-0.41,-1.25
2025-01-05 05:30:00+00:00,New Delhi-8118,-999.0,27.1,58.77,-4.9,-0.11,0.75
2025-01-05 09:30:00+00:00,New Delhi-8118,-999.0,31.13,59.95,-4.9,0.81,0.86
2025-01-05 13:30:00+00:00,New Delhi-8118,-999.0,24.65,64.5,-4.9,-0.68,1.26
2025-01-05 17:30:00+00:00,New Delhi-8118,-999.0,23.57,49.08,-4.9,-0.92,-0.1
2025-01-05 20:30:00+00:00,US Diplomatic Post: New Delhi-8118,-999.0,33.64,38.56,-4.9,1.39,-1.02
2025-01-06 00:30:00+00:00,US Diplomatic Post: New Delhi-8118,-999.0,22.92,38.51,-4.9,-1.07,-1.03
2025-01-06 04:30:00+00:00,US Diplomatic Post: New Delhi-8118,-999.0,32.96,59.22,-4.9,1.23,0.79
2025-01-06 08:30:00+00:00,US Diplomatic Post: New Delhi-8118,-999.0,27.76,51.15,-4.9,0.04,0.08
2025-01-06 12:30:00+00:00,US Diplomatic Post: New Delhi-8118,-999.0,28.07,63.64,-4.9,0.11,1.18
2024-12-31 20:30:00+00:00,New Delhi-8118,343.0,31.96,58.66,1.31,1.0,0.74
2025-01-01 00:30:00+00:00,New Delhi-8118,189.0,30.4,33.38,0.59,0.64,-1.48
2025-01-01 04:30:00+00:00,New Delhi-8118,170.0,20.3,34.4,0.51,-1.67,-1.39
2025-01-01 08:30:00+00:00,New Delhi-8118,202.0,32.99,44.8,0.65,1.24,-0.48
2025-01-01 12:30:00+00:00,New Delhi-8118,203.0,23.11,41.84,0.66,-1.03,-0.74
2025-01-01 16:30:00+00:00,New Delhi-8118,213.0,21.19,37.86,0.71,-1.47,-1.09
2025-01-01 19:30:00+00:00,New Delhi-8118,163.0,32.97,30.31,0.47,1.23,-1.75
2025-01-01 23:30:00+00:00,New Delhi-8118,176.0,23.52,45.46,0.53,-0.94,-0.42
2025-01-02 03:30:00+00:00,New Delhi-8118,167.0,29.2,57.94,0.49,0.37,0.68
2025-01-02 07:30:00+00:00,New Delhi-8118,179.0,28.4,69.57,0.55,0.18,1.7
2025-01-02 11:30:00+00:00,New Delhi-8118,191.0,20.13,49.35,0.6,-1.71,-0.07
2025-01-02 15:30:00+00:00,New Delhi-8118,308.0,27.01,49.16,1.15,-0.14,-0.09
2025-01-02 22:30:00+00:00,US Diplomatic Post: New Delhi-8118,200.0,26.72,61.85,0.65,-0.2,1.03
2025-01-03 02:30:00+00:00,US Diplomatic Post: New Delhi-8118,203.0,21.1,53.36,0.66,-1.49,0.28
2025-01-03 06:30:00+00:00,US Diplomatic Post: New Delhi-8118,349.0,32.17,38.91,1.33,1.05,-0.99
2025-01-03 10:30:00+00:00,US Diplomatic Post: New Delhi-8118,278.0,30.98,42.9,1.01,0.78,-0.64
2025-01-03 14:30:00+00:00,US Diplomatic Post: New Delhi-8118,265.0,33.69,60.53,0.95,1.4,0.91
2025-01-03 18:30:00+00:00,US Diplomatic Post: New Delhi-8118,333.0,21.31,38.93,1.26,-1.44,-0.99
2025-01-03 21:30:00+00:00,US Diplomatic Post: New Delhi-8118,149.0,33.21,65.77,0.41,1.29,1.37
2025-01-04 01:30:00+00:00,US Diplomatic Post: New Delhi-8118,179.0,20.27,65.23,0.55,-1.68,1.32
2025-01-04 05:30:00+00:00,US Diplomatic Post: New Delhi-8118,334.0,24.36,37.69,1.27,-0.74,-1.1
2025-01-04 09:30:00+00:00,US Diplomatic Post: New Delhi-8118,370.0,34.97,51.98,1.43,1.69,0.16
2025-01-04 13:30:00+00:00,US Diplomatic Post: New Delhi-8118,278.0,24.25,55.0,1.01,-0.77,0.42
2025-01-04 17:30:00+00:00,US Diplomatic Post: New Delhi-8118,303.0,20.19,46.44,1.12,-1.7,-0.33
2025-01-04 20:30:00+00:00,New Delhi-8118,219.0,24.58,62.19,0.73,-0.69,1.06
2025-01-05 00:30:00+00:00,New Delhi-8118,-999.0,33.65,51.53,-4.9,1.39,0.12
2025-01-05 04:30:00+00:00,New Delhi-8118,-999.0,22.63,50.59,-4.9,-1.14,0.03
2025-01-05 08:30:00+00:00,New Delhi-8118,-999.0,31.9,68.09,-4.9,0.99,1.57
2025-01-05 12:30:00+00:00,New Delhi-8118,-999.0,30.52,64.28,-4.9,0.67,1.24
2025-01-05 16:30:00+00:00,New Delhi-8118,-999.0,25.21,69.97,-4.9,-0.55,1.74
2025-01-05 19:30:00+00:00,US Diplomatic Post: New Delhi-8118,-999.0,23.11,42.34,-4.9,-1.03,-0.69
2025-01-05 23:30:00+00:00,US Diplomatic Post: New Delhi-8118,-999.0,26.88,53.99,-4.9,-0.17,0.33
2025-01-06 03:30:00+00:00,US Diplomatic Post: New Delhi-8118,-999.0,24.51,57.15,-4.9,-0.71,0.61
2025-01-06 07:30:00+00:00,US Diplomatic Post: New Delhi-8118,-999.0,29.99,57.28,-4.9,0.55,0.62
2025-01-06 11:30:00+00:00,US Diplomatic Post: New Delhi-8118,-999.0,26.79,43.64,-4.9,-0.19,-0.58
2024-12-31 19:30:00+00:00,New Delhi-8118,371.0,23.05,48.52,1.44,-1.04,-0.15
2024-12-31 23:30:00+00:00,New Delhi-8118,187.0,31.79,59.99,0.59,0.96,0.86
2025-01-01 03:30:00+00:00,New Delhi-8118,154.0,28.47,31.41,0.43,0.2,-1.65
2025-01-01 07:30:00+00:00,New Delhi-8118,176.0,21.0,52.27,0.53,-1.51,0.18
2025-01-01 11:30:00+00:00,New Delhi-8118,204.0,22.73,40.2,0.66,-1.12,-0.88
2025-01-01 15:30:00+00:00,New Delhi-8118,211.0,30.96,48.88,0.7,0.77,-0.12
2025-01-01 22:30:00+00:00,New Delhi-8118,173.0,22.59,56.19,0.52,-1.15,0.53
2025-01-02 02:30:00+00:00,New Delhi-8118,140.0,33.23,50.12,0.37,1.29,-0.01
2025-01-02 06:30:00+00:00,New Delhi-8118,209.0,32.09,54.59,0.69,1.03,0.39
2025-01-02 10:30:00+00:00,New Delhi-8118,217.0,21.02,35.9,0.72,-1.51,-1.26
2025-01-02 14:30:00+00:00,New Delhi-8118,262.0,23.85,36.01,0.93,-0.86,-1.25
2025-01-02 18:30:00+00:00,New Delhi-8118,208.0,25.76,63.7,0.68,-0.42,1.19
2025-01-02 21:30:00+00:00,US Diplomatic Post: New Delhi-8118,211.0,20.82,59.96,0.7,-1.56,0.86
2025-01-03 01:30:00+00:00,US Diplomatic Post: New Delhi-8118,-999.0,29.97,40.56,-4.9,0.54,-0.85
2025-01-03 05:30:00+00:00,US Diplomatic Post: New Delhi-8118,258.0,23.44,61.99,0.91,-0.95,1.04
2025-01-03 09:30:00+00:00,US Diplomatic Post: New Delhi-8118,330.0,32.71,47.3,1.25,1.17,-0.26
2025-01-03 13:30:00+00:00,US Diplomatic Post: New Delhi-8118,237.0,31.88,37.06,0.82,0.98,-1.16
2025-01-03 17:30:00+00:00,US Diplomatic Post: New Delhi-8118,352.0,20.97,33.35,1.35,-1.52,-1.48
2025-01-03 20:30:00+00:00,US Diplomatic Post: New Delhi-8118,192.0,34.89,38.02,0.61,1.67,-1.07
2025-01-04 00:30:00+00:00,US Diplomatic Post: New Delhi-8118,190.0,22.34,46.94,0.6,-1.21,-0.29
2025-01-04 04:30:00+00:00,US Diplomatic Post: New Delhi-8118,225.0,32.26,35.1,0.76,1.07,-1.33
2025-01-04 08:30:00+00:00,US Diplomatic Post: New Delhi-8118,400.0,32.71,59.54,1.57,1.17,0.82
2025-01-04 12:30:00+00:00,US Diplomatic Post: New Delhi-8118,288.0,33.46,64.0,1.05,1.34,1.21
2025-01-04 16:30:00+00:00,US Diplomatic Post: New Delhi-8118,323.0,26.83,46.92,1.21,-0.18,-0.29
2025-01-04 19:30:00+00:00,New Delhi-8118,254.0,21.76,58.37,0.9,-1.34,0.72
2025-01-04 23:30:00+00:00,New Delhi-8118,-999.0,30.17,52.67,-4.9,0.59,0.22
2025-01-05 03:30:00+00:00,New Delhi-8118,-999.0,30.82,43.99,-4.9,0.74,-0.55
2025-01-05 07:30:00+00:00,New Delhi-8118,-999.0,25.32,56.12,-4.9,-0.52,0.52
2025-01-05 11:30:00+00:00,New Delhi-8118,-999.0,20.81,63.51,-4.9,-1.56,1.17
2025-01-05 15:30:00+00:00,New Delhi-8118,-999.0,26.76,62.77,-4.9,-0.19,1.11
2025-01-05 22:30:00+00:00,US Diplomatic Post: New Delhi-8118,-999.0,22.96,57.64,-4.9,-1.06,0.65
2025-01-06 02:30:00+00:00,US Diplomatic Post: New Delhi-8118,-999.0,24.75,34.08,-4.9,-0.65,-1.42
2025-01-06 06:30:00+00:00,US Diplomatic Post: New Delhi-8118,-999.0,33.42,45.64,-4.9,1.34,-0.4
2025-01-06 10:30:00+00:00,US Diplomatic Post: New Delhi-8118,-999.0,21.61,52.61,-4.9,-1.37,0.21
2024-12-31 22:30:00+00:00,New Delhi-8118,204.0,25.04,46.84,0.66,-0.59,-0.3
2025-01-01 02:30:00+00:00,New Delhi-8118,165.0,24.72,33.28,0.48,-0.66,-1.49
2025-01-01 06:30:00+00:00,New Delhi-8118,188.0,21.58,54.71,0.59,-1.38,0.4
2025-01-01 10:30:00+00:00,New Delhi-8118,202.0,27.42,69.05,0.65,-0.04,1.66
2025-01-01 14:30:00+00:00,New Delhi-8118,196.0,27.9,69.83,0.63,0.07,1.73
2025-01-01 18:30:00+00:00,New Delhi-8118,200.0,33.26,50.42,0.65,1.3,0.02
2025-01-01 21:30:00+00:00,New Delhi-8118,173.0,32.7,48.86,0.52,1.17,-0.12
2025-01-02 01:30:00+00:00,New Delhi-8118,153.0,33.43,43.46,0.43,1.34,-0.59
2025-01-02 05:30:00+00:00,New Delhi-8118,204.0,32.49,69.8,0.66,1.12,1.73
2025-01-02 09:30:00+00:00,New Delhi-8118,213.0,26.75,52.96,0.71,-0.19,0.24
2025-01-02 13:30:00+00:00,New Delhi-8118,217.0,27.89,61.38,0.72,0.07,0.98
2025-01-02 17:30:00+00:00,New Delhi-8118,210.0,28.67,43.18,0.69,0.25,-0.62
2025-01-02 20:30:00+00:00,US Diplomatic Post: New Delhi-8118,213.0,29.81,61.41,0.71,0.51,0.99
2025-01-03 00:30:00+00:00,US Diplomatic Post: New Delhi-8118,-999.0,21.74,58.6,-4.9,-1.34,0.74
2025-01-03 04:30:00+00:00,US Diplomatic Post: New Delhi-8118,210.0,26.9,64.19,0.69,-0.16,1.23
2025-01-03 08:30:00+00:00,US Diplomatic Post: New Delhi-8118,382.0,32.91,39.46,1.49,1.22,-0.95
2025-01-03 12:30:00+00:00,US Diplomatic Post: New Delhi-8118,213.0,27.33,52.89,0.71,-0.06,0.24
2025-01-03 16:30:00+00:00,US Diplomatic Post: New Delhi-8118,345.0,31.15,33.2,1.32,0.81,-1.5
2025-01-03 19:30:00+00:00,US Diplomatic Post: New Delhi-8118,250.0,31.05,48.24,0.88,0.79,-0.17
2025-01-03 23:30:00+00:00,US Diplomatic Post: New Delhi-8118,180.0,28.79,63.95,0.55,0.27,1.21
2025-01-04 03:30:00+00:00,US Diplomatic Post: New Delhi-8118,169.0,27.04,47.89,0.5,-0.13,-0.2
2025-01-04 07:30:00+00:00,US Diplomatic Post: New Delhi-8118,442.0,25.47,42.41,1.76,-0.49,-0.69
2025-01-04 11:30:00+00:00,US Diplomatic Post: New Delhi-8118,301.0,27.08,49.52,1.11,-0.12,-0.06
2025-01-04 15:30:00+00:00,US Diplomatic Post: New Delhi-8118,313.0,22.34,30.97,1.17,-1.21,-1.69
2025-01-04 22:30:00+00:00,New Delhi-8118,-999.0,32.48,62.47,-4.9,1.12,1.08
2025-01-05 02:30:00+00:00,New Delhi-8118,-999.0,26.1,49.93,-4.9,-0.34,-0.02
2025-01-05 06:30:00+00:00,New Delhi-8118,-999.0,26.3,46.38,-4.9,-0.3,-0.34
2025-01-05 10:30:00+00:00,New Delhi-8118,-999.0,30.53,36.79,-4.9,0.67,-1.18
2025-01-05 14:30:00+00:00,New Delhi-8118,-999.0,22.14,35.65,-4.9,-1.25,-1.28
2025-01-05 18:30:00+00:00,New Delhi-8118,-999.0,25.98,53.1,-4.9,-0.37,0.26
2025-01-05 21:30:00+00:00,US Diplomatic Post: New Delhi-8118,-999.0,27.1,66.12,-4.9,-0.11,1.4
2025-01-06 01:30:00+00:00,US Diplomatic Post: New Delhi-8118,-999.0,21.72,35.28,-4.9,-1.35,-1.31
2025-01-06 05:30:00+00:00,US Diplomatic Post: New Delhi-8118,-999.0,21.2,51.74,-4.9,-1.47,0.14
2025-01-06 09:30:00+00:00,US Diplomatic Post: New Delhi-8118,-999.0,28.87,42.24,-4.9,0.29,-0.7
2025-01-06 13:30:00+00:00,US Diplomatic Post: New Delhi-8118,-999.0,23.09,61.53,-4.9,-1.03,1.0
2025-01-06 17:30:00+00:00,US Diplomatic Post: New Delhi-8118,-999.0,27.03,62.16,-4.9,-0.13,1.05
2025-01-06 20:30:00+00:00,US Diplomatic Post: New Delhi-8118,-999.0,32.99,41.61,-4.9,1.24,-0.76
2025-01-07 00:30:00+00:00,US Diplomatic Post: New Delhi-8118,-999.0,32.34,61.51,-4.9,1.09,1.0
2025-01-07 04:30:00+00:00,US Diplomatic Post: New Delhi-8118,-999.0,34.83,56.13,-4.9,1.66,0.52
2025-01-07 08:30:00+00:00,US Diplomatic Post: New Delhi-8118,-999.0,22.42,40.33,-4.9,-1.19,-0.87
2025-01-07 12:30:00+00:00,US Diplomatic Post: New Delhi-8118,-999.0,23.57,58.81,-4.9,-0.92,0.76
2025-01-07 16:30:00+00:00,US Diplomatic Post: New Delhi-8118,-999.0,26.08,35.21,-4.9,-0.35,-1.32
2025-01-07 19:30:00+00:00,US Diplomatic Post: New Delhi-8118,-999.0,26.17,46.85,-4.9,-0.33,-0.29
2025-01-07 23:30:00+00:00,US Diplomatic Post: New Delhi-8118,-999.0,28.72,56.4,-4.9,0.26,0.55
2025-01-08 03:30:00+00:00,US Diplomatic Post: New Delhi-8118,-999.0,31.58,64.79,-4.9,0.91,1.28
2025-01-08 07:30:00+00:00,US Diplomatic Post: New Delhi-8118,80.0,29.54,56.52,0.09,0.45,0.56
2025-01-08 11:30:00+00:00,US Diplomatic Post: New Delhi-8118,66.0,23.72,45.53,0.03,-0.89,-0.41
2025-01-06 14:30:00+00:00,US Diplomatic Post: New Delhi-8118,-999.0,34.99,34.45,-4.9,1.7,-1.39
2025-01-06 18:30:00+00:00,US Diplomatic Post: New Delhi-8118,-999.0,32.71,31.72,-4.9,1.17,-1.63
2025-01-06 21:30:00+00:00,US Diplomatic Post: New Delhi-8118,-999.0,21.59,30.08,-4.9,-1.38,-1.77
2025-01-07 01:30:00+00:00,US Diplomatic Post: New Delhi-8118,-999.0,27.12,68.09,-4.9,-0.11,1.57
2025-01-07 05:30:00+00:00,US Diplomatic Post: New Delhi-8118,-999.0,34.64,63.98,-4.9,1.61,1.21
2025-01-07 09:30:00+00:00,US Diplomatic Post: New Delhi-8118,-999.0,27.58,66.01,-4.9,-0.0,1.39
2025-01-07 13:30:00+00:00,US Diplomatic Post: New Delhi-8118,-999.0,29.83,66.59,-4.9,0.51,1.44
2025-01-07 17:30:00+00:00,US Diplomatic Post: New Delhi-8118,-999.0,33.0,38.38,-4.9,1.24,-1.04
2025-01-07 20:30:00+00:00,US Diplomatic Post: New Delhi-8118,-999.0,34.63,41.37,-4.9,1.61,-0.78
2025-01-08 00:30:00+00:00,US Diplomatic Post: New Delhi-8118,-999.0,28.39,69.55,-4.9,0.18,1.7
2025-01-08 04:30:00+00:00,US Diplomatic Post: New Delhi-8118,-999.0,24.71,47.55,-4.9,-0.66,-0.23
2025-01-08 08:30:00+00:00,US Diplomatic Post: New Delhi-8118,81.0,28.9,63.45,0.1,0.3,1.17
2025-01-06 15:30:00+00:00,US Diplomatic Post: New Delhi-8118,-999.0,34.93,40.19,-4.9,1.68,-0.88
2025-01-06 22:30:00+00:00,US Diplomatic Post: New Delhi-8118,-999.0,24.27,60.53,-4.9,-0.76,0.91
2025-01-07 02:30:00+00:00,US Diplomatic Post: New Delhi-8118,-999.0,26.76,41.6,-4.9,-0.19,-0.76
2025-01-07 06:30:00+00:00,US Diplomatic Post: New Delhi-8118,-999.0,29.9,61.5,-4.9,0.53,0.99
2025-01-07 10:30:00+00:00,US Diplomatic Post: New Delhi-8118,-999.0,34.68,52.63,-4.9,1.62,0.21
2025-01-07 14:30:00+00:00,US Diplomatic Post: New Delhi-8118,-999.0,24.92,34.19,-4.9,-0.61,-1.41
2025-01-07 18:30:00+00:00,US Diplomatic Post: New Delhi-8118,-999.0,30.88,62.49,-4.9,0.75,1.08
2025-01-07 21:30:00+00:00,US Diplomatic Post: New Delhi-8118,-999.0,25.74,47.68,-4.9,-0.43,-0.22
2025-01-08 01:30:00+00:00,US Diplomatic Post: New Delhi-8118,-999.0,28.55,58.91,-4.9,0.22,0.77
2025-01-08 05:30:00+00:00,US Diplomatic Post: New Delhi-8118,-999.0,20.54,44.05,-4.9,-1.62,-0.54
2025-01-08 09:30:00+00:00,US Diplomatic Post: New Delhi-8118,81.0,31.79,50.08,0.1,0.96,-0.01
2025-01-06 16:30:00+00:00,US Diplomatic Post: New Delhi-8118,-999.0,34.88,63.03,-4.9,1.67,1.13
2025-01-06 19:30:00+00:00,US Diplomatic Post: New Delhi-8118,-999.0,29.08,56.94,-4.9,0.34,0.59
2025-01-06 23:30:00+00:00,US Diplomatic Post: New Delhi-8118,-999.0,20.07,51.44,-4.9,-1.73,0.11
2025-01-07 03:30:00+00:00,US Diplomatic Post: New Delhi-8118,-999.0,20.01,54.15,-4.9,-1.74,0.35
2025-01-07 07:30:00+00:00,US Diplomatic Post: New Delhi-8118,-999.0,21.13,51.58,-4.9,-1.48,0.12
2025-01-07 11:30:00+00:00,US Diplomatic Post: New Delhi-8118,-999.0,22.48,43.07,-4.9,-1.17,-0.63
2025-01-07 15:30:00+00:00,US Diplomatic Post: New Delhi-8118,-999.0,32.64,59.03,-4.9,1.16,0.78
2025-01-07 22:30:00+00:00,US Diplomatic Post: New Delhi-8118,-999.0,23.03,43.18,-4.9,-1.05,-0.62
2025-01-08 02:30:00+00:00,US Diplomatic Post: New Delhi-8118,-999.0,32.35,59.23,-4.9,1.09,0.79
2025-01-08 06:30:00+00:00,US Diplomatic Post: New Delhi-8118,99.0,25.1,59.67,0.18,-0.57,0.83
2025-01-08 10:30:00+00:00,US Diplomatic Post: New Delhi-8118,70.0,29.88,48.94,0.04,0.52,-0.11
2025-01-16 02:30:00+00:00,US Diplomatic Post: New Delhi-8118,110.0,33.1,54.11,0.23,1.26,0.34
2025-01-16 06:30:00+00:00,US Diplomatic Post: New Delhi-8118,124.0,30.97,68.87,0.29,0.77,1.64
2025-01-16 10:30:00+00:00,US Diplomatic Post: New Delhi-8118,125.0,28.22,50.76,0.3,0.14,0.05
2025-01-16 14:30:00+00:00,US Diplomatic Post: New Delhi-8118,175.0,28.09,48.23,0.53,0.11,-0.17
2025-01-16 18:30:00+00:00,US Diplomatic Post: New Delhi-8118,310.0,28.51,51.08,1.15,0.21,0.08
2025-01-16 21:30:00+00:00,US Diplomatic Post: New Delhi-8118,211.0,32.94,52.94,0.7,1.23,0.24
2025-01-17 01:30:00+00:00,US Diplomatic Post: New Delhi-8118,118.0,24.26,63.26,0.27,-0.77,1.15
2025-01-17 05:30:00+00:00,US Diplomatic Post: New Delhi-8118,165.0,30.11,41.6,0.48,0.58,-0.76
2025-01-17 09:30:00+00:00,US Diplomatic Post: New Delhi-8118,112.0,24.95,35.28,0.24,-0.61,-1.31
2025-01-17 13:30:00+00:00,US Diplomatic Post: New Delhi-8118,140.0,21.48,60.94,0.37,-1.4,0.95
2025-01-17 17:30:00+00:00,US Diplomatic Post: New Delhi-8118,142.0,33.18,56.81,0.38,1.28,0.58
2025-01-16 04:30:00+00:00,US Diplomatic Post: New Delhi-8118,147.0,22.48,57.06,0.4,-1.17,0.6
2025-01-16 08:30:00+00:00,US Diplomatic Post: New Delhi-8118,101.0,30.31,57.51,0.19,0.62,0.64
2025-01-16 12:30:00+00:00,US Diplomatic Post: New Delhi-8118,127.0,32.58,55.04,0.31,1.14,0.43
2025-01-16 16:30:00+00:00,US Diplomatic Post: New Delhi-8118,277.0,26.99,53.27,1.0,-0.14,0.27
2025-01-16 19:30:00+00:00,US Diplomatic Post: New Delhi-8118,-999.0,34.81,41.13,-4.9,1.65,-0.8
2025-01-16 23:30:00+00:00,US Diplomatic Post: New Delhi-8118,132.0,22.45,34.24,0.33,-1.18,-1.4
2025-01-17 03:30:00+00:00,US Diplomatic Post: New Delhi-8118,138.0,25.76,30.98,0.36,-0.42,-1.69
2025-01-17 07:30:00+00:00,US Diplomatic Post: New Delhi-8118,143.0,34.76,48.53,0.38,1.64,-0.15
2025-01-17 11:30:00+00:00,US Diplomatic Post: New Delhi-8118,119.0,20.89,60.79,0.27,-1.54,0.93
2025-01-17 15:30:00+00:00,US Diplomatic Post: New Delhi-8118,161.0,31.79,46.35,0.47,0.96,-0.34
2025-01-16 03:30:00+00:00,US Diplomatic Post: New Delhi-8118,115.0,33.35,47.46,0.25,1.32,-0.24
2025-01-16 07:30:00+00:00,US Diplomatic Post: New Delhi-8118,121.0,23.56,39.36,0.28,-0.93,-0.95
2025-01-16 11:30:00+00:00,US Diplomatic Post: New Delhi-8118,129.0,26.26,48.86,0.32,-0.31,-0.12
2025-01-16 15:30:00+00:00,US Diplomatic Post: New Delhi-8118,227.0,24.0,31.23,0.77,-0.83,-1.67
2025-01-16 22:30:00+00:00,US Diplomatic Post: New Delhi-8118,196.0,29.17,51.99,0.63,0.36,0.16
2025-01-17 02:30:00+00:00,US Diplomatic Post: New Delhi-8118,126.0,28.06,64.69,0.3,0.11,1.28
2025-01-17 06:30:00+00:00,US Diplomatic Post: New Delhi-8118,166.0,24.3,68.68,0.49,-0.76,1.63
2025-01-17 10:30:00+00:00,US Diplomatic Post: New Delhi-8118,108.0,31.98,53.04,0.22,1.0,0.25
2025-01-17 14:30:00+00:00,US Diplomatic Post: New Delhi-8118,170.0,21.44,33.79,0.51,-1.41,-1.44
2025-01-17 18:30:00+00:00,US Diplomatic Post: New Delhi-8118,130.0,27.64,55.02,0.32,0.01,0.42
2025-01-08 13:30:00+00:00,US Diplomatic Post: New Delhi-8118,117.0,27.99,56.95,0.26,0.09,0.59
2025-01-08 17:30:00+00:00,US Diplomatic Post: New Delhi-8118,270.0,30.44,51.93,0.97,0.65,0.15
2025-01-08 20:30:00+00:00,US Diplomatic Post: New Delhi-8118,234.0,20.35,61.9,0.8,-1.66,1.03
2025-01-09 00:30:00+00:00,US Diplomatic Post: New Delhi-8118,176.0,20.25,62.12,0.53,-1.69,1.05
2025-01-09 04:30:00+00:00,US Diplomatic Post: New Delhi-8118,183.0,34.56,69.64,0.57,1.6,1.71
2025-01-09 08:30:00+00:00,US Diplomatic Post: New Delhi-8118,427.0,21.19,69.83,1.7,-1.47,1.73
2025-01-09 12:30:00+00:00,US Diplomatic Post: New Delhi-8118,305.0,28.26,62.75,1.13,0.15,1.1
2025-01-09 16:30:00+00:00,US Diplomatic Post: New Delhi-8118,338.0,34.79,37.62,1.28,1.65,-1.11
2025-01-09 19:30:00+00:00,US Diplomatic Post: New Delhi-8118,351.0,25.05,68.27,1.34,-0.58,1.59
2025-01-09 23:30:00+00:00,US Diplomatic Post: New Delhi-8118,349.0,25.17,44.27,1.33,-0.56,-0.52
2025-01-08 14:30:00+00:00,US Diplomatic Post: New Delhi-8118,129.0,30.11,66.69,0.32,0.58,1.45
2025-01-08 18:30:00+00:00,US Diplomatic Post: New Delhi-8118,260.0,23.52,42.66,0.92,-0.94,-0.66
2025-01-08 21:30:00+00:00,US Diplomatic Post: New Delhi-8118,200.0,23.63,48.61,0.65,-0.91,-0.14
2025-01-09 01:30:00+00:00,US Diplomatic Post: New Delhi-8118,160.0,33.57,39.3,0.46,1.37,-0.96
2025-01-09 05:30:00+00:00,US Diplomatic Post: New Delhi-8118,161.0,21.44,31.17,0.47,-1.41,-1.67
2025-01-09 09:30:00+00:00,US Diplomatic Post: New Delhi-8118,369.0,33.26,54.33,1.43,1.3,0.36
2025-01-09 13:30:00+00:00,US Diplomatic Post: New Delhi-8118,374.0,29.64,37.65,1.45,0.47,-1.1
2025-01-09 17:30:00+00:00,US Diplomatic Post: New Delhi-8118,339.0,27.77,66.43,1.29,0.04,1.43
2025-01-09 20:30:00+00:00,US Diplomatic Post: New Delhi-8118,359.0,25.49,61.02,1.38,-0.48,0.95
2025-01-10 00:30:00+00:00,US Diplomatic Post: New Delhi-8118,289.0,25.33,41.62,1.06,-0.52,-0.76
2025-01-10 01:30:00+00:00,US Diplomatic Post: New Delhi-8118,157.0,25.06,69.94,0.45,-0.58,1.74
2025-01-10 05:30:00+00:00,US Diplomatic Post: New Delhi-8118,248.0,31.2,38.49,0.87,0.83,-1.03
2025-01-10 09:30:00+00:00,US Diplomatic Post: New Delhi-8118,209.0,28.91,43.13,0.69,0.3,-0.62
2025-01-10 13:30:00+00:00,US Diplomatic Post: New Delhi-8118,217.0,33.92,40.39,0.72,1.45,-0.86
2025-01-10 17:30:00+00:00,US Diplomatic Post: New Delhi-8118,290.0,34.8,41.93,1.06,1.65,-0.73
2025-01-10 20:30:00+00:00,US Diplomatic Post: New Delhi-8118,188.0,34.95,42.13,0.59,1.69,-0.71
2025-01-11 00:30:00+00:00,US Diplomatic Post: New Delhi-8118,138.0,23.89,30.79,0.36,-0.85,-1.71
2025-01-11 04:30:00+00:00,US Diplomatic Post: New Delhi-8118,157.0,31.78,31.93,0.45,0.96,-1.61
2025-01-11 08:30:00+00:00,US Diplomatic Post: New Delhi-8118,182.0,29.69,42.53,0.56,0.48,-0.68
2025-01-11 12:30:00+00:00,US Diplomatic Post: New Delhi-8118,226.0,28.13,57.78,0.77,0.12,0.67
2025-01-19 05:30:00+00:00,US Diplomatic Post: New Delhi-8118,386.0,28.29,63.92,1.51,0.16,1.21
2025-01-19 09:30:00+00:00,US Diplomatic Post: New Delhi-8118,-999.0,22.1,62.73,-4.9,-1.26,1.1
2025-01-19 13:30:00+00:00,US Diplomatic Post: New Delhi-8118,129.0,31.27,37.76,0.32,0.84,-1.09
2025-01-19 17:30:00+00:00,US Diplomatic Post: New Delhi-8118,257.0,29.75,54.09,0.91,0.49,0.34
2025-01-19 20:30:00+00:00,US Diplomatic Post: New Delhi-8118,211.0,25.0,55.64,0.7,-0.6,0.48
2025-01-20 00:30:00+00:00,US Diplomatic Post: New Delhi-8118,156.0,31.75,64.11,0.44,0.95,1.22
2025-01-20 04:30:00+00:00,US Diplomatic Post: New Delhi-8118,154.0,24.47,66.0,0.43,-0.72,1.39
2025-01-20 08:30:00+00:00,US Diplomatic Post: New Delhi-8118,-999.0,30.73,63.4,-4.9,0.72,1.16
2025-01-20 12:30:00+00:00,US Diplomatic Post: New Delhi-8118,125.0,26.76,36.66,0.3,-0.19,-1.19
2025-01-20 16:30:00+00:00,US Diplomatic Post: New Delhi-8118,211.0,32.37,46.95,0.7,1.09,-0.29
2025-01-10 02:30:00+00:00,US Diplomatic Post: New Delhi-8118,183.0,30.44,62.46,0.57,0.65,1.08
2025-01-10 06:30:00+00:00,US Diplomatic Post: New Delhi-8118,220.0,31.4,41.54,0.74,0.87,-0.76
2025-01-10 10:30:00+00:00,US Diplomatic Post: New Delhi-8118,199.0,20.9,43.09,0.64,-1.54,-0.63
2025-01-10 14:30:00+00:00,US Diplomatic Post: New Delhi-8118,-999.0,25.15,51.65,-4.9,-0.56,0.13
2025-01-10 18:30:00+00:00,US Diplomatic Post: New Delhi-8118,281.0,34.0,67.4,1.02,1.47,1.51
2025-01-10 21:30:00+00:00,US Diplomatic Post: New Delhi-8118,160.0,24.24,47.05,0.46,-0.77,-0.28
2025-01-11 01:30:00+00:00,US Diplomatic Post: New Delhi-8118,128.0,22.27,52.38,0.31,-1.22,0.19
2025-01-11 05:30:00+00:00,US Diplomatic Post: New Delhi-8118,183.0,33.11,47.08,0.57,1.26,-0.27
2025-01-11 09:30:00+00:00,US Diplomatic Post: New Delhi-8118,192.0,20.75,49.76,0.61,-1.57,-0.04
2025-01-11 13:30:00+00:00,US Diplomatic Post: New Delhi-8118,164.0,32.02,62.06,0.48,1.01,1.04
2025-01-16 05:30:00+00:00,US Diplomatic Post: New Delhi-8118,159.0,30.67,45.85,0.46,0.7,-0.38
2025-01-16 09:30:00+00:00,US Diplomatic Post: New Delhi-8118,105.0,30.13,66.65,0.21,0.58,1.45
2025-01-16 13:30:00+00:00,US Diplomatic Post: New Delhi-8118,142.0,21.36,61.82,0.38,-1.43,1.02
2025-01-16 17:30:00+00:00,US Diplomatic Post: New Delhi-8118,311.0,28.61,66.34,1.16,0.23,1.42
2025-01-16 20:30:00+00:00,US Diplomatic Post: New Delhi-8118,228.0,26.82,39.5,0.78,-0.18,-0.94
2025-01-17 00:30:00+00:00,US Diplomatic Post: New Delhi-8118,133.0,24.0,49.47,0.34,-0.83,-0.06
2025-01-17 04:30:00+00:00,US Diplomatic Post: New Delhi-8118,157.0,20.35,36.2,0.45,-1.66,-1.23
2025-01-17 08:30:00+00:00,US Diplomatic Post: New Delhi-8118,116.0,21.55,65.22,0.26,-1.39,1.32
2025-01-17 12:30:00+00:00,US Diplomatic Post: New Delhi-8118,128.0,27.56,54.62,0.31,-0.01,0.39
2025-01-17 16:30:00+00:00,US Diplomatic Post: New Delhi-8118,144.0,21.44,66.38,0.39,-1.41,1.42
2025-01-19 04:30:00+00:00,US Diplomatic Post: New Delhi-8118,369.0,32.1,40.75,1.43,1.03,-0.83
2025-01-19 08:30:00+00:00,US Diplomatic Post: New Delhi-8118,94.0,29.59,61.85,0.16,0.46,1.03
2025-01-19 12:30:00+00:00,US Diplomatic Post: New Delhi-8118,120.0,27.47,61.6,0.28,-0.03,1.0
2025-01-19 16:30:00+00:00,US Diplomatic Post: New Delhi-8118,230.0,21.87,39.73,0.78,-1.31,-0.92
2025-01-19 19:30:00+00:00,US Diplomatic Post: New Delhi-8118,296.0,32.43,68.76,1.09,1.11,1.63
2025-01-19 23:30:00+00:00,US Diplomatic Post: New Delhi-8118,180.0,20.55,58.15,0.55,-1.62,0.7
2025-01-20 03:30:00+00:00,US Diplomatic Post: New Delhi-8118,159.0,21.7,67.86,0.46,-1.35,1.55
2025-01-20 07:30:00+00:00,US Diplomatic Post: New Delhi-8118,-999.0,28.09,43.48,-4.9,0.11,-0.59
2025-01-20 11:30:00+00:00,US Diplomatic Post: New Delhi-8118,121.0,34.85,35.61,0.28,1.66,-1.28
2025-01-20 15:30:00+00:00,US Diplomatic Post: New Delhi-8118,199.0,26.92,40.63,0.64,-0.16,-0.84
2025-01-10 04:30:00+00:00,US Diplomatic Post: New Delhi-8118,207.0,21.3,64.39,0.68,-1.45,1.25
2025-01-10 08:30:00+00:00,US Diplomatic Post: New Delhi-8118,207.0,26.04,40.0,0.68,-0.36,-0.9
2025-01-10 12:30:00+00:00,US Diplomatic Post: New Delhi-8118,196.0,23.7,39.93,0.63,-0.89,-0.9
2025-01-10 16:30:00+00:00,US Diplomatic Post: New Delhi-8118,273.0,21.87,66.07,0.98,-1.31,1.4
2025-01-10 19:30:00+00:00,US Diplomatic Post: New Delhi-8118,243.0,32.3,54.35,0.84,1.08,0.37
2025-01-10 23:30:00+00:00,US Diplomatic Post: New Delhi-8118,146.0,23.59,42.26,0.4,-0.92,-0.7
2025-01-11 03:30:00+00:00,US Diplomatic Post: New Delhi-8118,143.0,32.78,50.48,0.38,1.19,0.02
2025-01-11 07:30:00+00:00,US Diplomatic Post: New Delhi-8118,187.0,24.98,47.11,0.59,-0.6,-0.27
2025-01-11 11:30:00+00:00,US Diplomatic Post: New Delhi-8118,201.0,23.71,32.47,0.65,-0.89,-1.56
2025-01-11 15:30:00+00:00,US Diplomatic Post: New Delhi-8118,135.0,34.55,54.74,0.35,1.59,0.4
2025-01-11 17:30:00+00:00,US Diplomatic Post: New Delhi-8118,126.0,28.46,36.75,0.3,0.2,-1.18
2025-01-11 20:30:00+00:00,US Diplomatic Post: New Delhi-8118,129.0,33.44,66.88,0.32,1.34,1.47
2025-01-12 00:30:00+00:00,US Diplomatic Post: New Delhi-8118,173.0,20.4,31.88,0.52,-1.65,-1.61
2025-01-12 04:30:00+00:00,US Diplomatic Post: New Delhi-8118,137.0,32.8,41.93,0.35,1.19,-0.73
2025-01-12 08:30:00+00:00,US Diplomatic Post: New Delhi-8118,144.0,32.67,54.1,0.39,1.16,0.34
2025-01-12 12:30:00+00:00,US Diplomatic Post: New Delhi-8118,138.0,29.47,44.74,0.36,0.43,-0.48
2025-01-12 16:30:00+00:00,US Diplomatic Post: New Delhi-8118,217.0,33.76,57.92,0.72,1.41,0.68
2025-01-12 19:30:00+00:00,New Delhi-8118,180.0,28.73,48.09,0.55,0.26,-0.19
2025-01-12 23:30:00+00:00,New Delhi-8118,108.0,29.0,52.0,0.22,0.32,0.16
2025-01-13 03:30:00+00:00,New Delhi-8118,106.0,23.37,31.04,0.21,-0.97,-1.69
2025-01-13 07:30:00+00:00,New Delhi-8118,110.0,30.03,46.87,0.23,0.56,-0.29
2025-01-11 16:30:00+00:00,US Diplomatic Post: New Delhi-8118,127.0,23.54,57.27,0.31,-0.93,0.62
2025-01-11 19:30:00+00:00,US Diplomatic Post: New Delhi-8118,134.0,23.07,36.65,0.34,-1.04,-1.19
2025-01-11 23:30:00+00:00,US Diplomatic Post: New Delhi-8118,159.0,24.36,52.49,0.46,-0.74,0.2
2025-01-12 03:30:00+00:00,US Diplomatic Post: New Delhi-8118,129.0,22.56,57.15,0.32,-1.16,0.61
2025-01-12 07:30:00+00:00,US Diplomatic Post: New Delhi-8118,158.0,33.28,52.01,0.45,1.3,0.16
2025-01-12 11:30:00+00:00,US Diplomatic Post: New Delhi-8118,149.0,31.07,34.45,0.41,0.8,-1.39
2025-01-12 15:30:00+00:00,US Diplomatic Post: New Delhi-8118,156.0,25.02,41.57,0.44,-0.59,-0.76
2025-01-12 22:30:00+00:00,New Delhi-8118,121.0,32.03,54.61,0.28,1.02,0.39
2025-01-13 02:30:00+00:00,New Delhi-8118,88.0,34.75,44.63,0.13,1.64,-0.49
2025-01-13 06:30:00+00:00,New Delhi-8118,97.0,34.12,41.84,0.17,1.5,-0.74
2025-01-19 03:30:00+00:00,US Diplomatic Post: New Delhi-8118,293.0,27.73,55.11,1.08,0.03,0.43
2025-01-19 07:30:00+00:00,US Diplomatic Post: New Delhi-8118,187.0,32.87,39.71,0.59,1.21,-0.92
2025-01-19 11:30:00+00:00,US Diplomatic Post: New Delhi-8118,106.0,29.91,62.42,0.21,0.53,1.08
2025-01-19 15:30:00+00:00,US Diplomatic Post: New Delhi-8118,212.0,24.37,63.29,0.7,-0.74,1.15
2025-01-19 22:30:00+00:00,US Diplomatic Post: New Delhi-8118,187.0,21.68,41.08,0.59,-1.36,-0.8
2025-01-20 02:30:00+00:00,US Diplomatic Post: New Delhi-8118,156.0,21.84,45.81,0.44,-1.32,-0.39
2025-01-20 06:30:00+00:00,US Diplomatic Post: New Delhi-8118,-999.0,25.66,32.9,-4.9,-0.44,-1.52
2025-01-20 10:30:00+00:00,US Diplomatic Post: New Delhi-8118,105.0,25.96,62.27,0.21,-0.38,1.06
2025-01-20 14:30:00+00:00,US Diplomatic Post: New Delhi-8118,179.0,22.09,40.92,0.55,-1.26,-0.82
2025-01-10 03:30:00+00:00,US Diplomatic Post: New Delhi-8118,198.0,34.06,46.88,0.64,1.48,-0.29
2025-01-10 07:30:00+00:00,US Diplomatic Post: New Delhi-8118,222.0,23.01,56.99,0.75,-1.05,0.6
2025-01-10 11:30:00+00:00,US Diplomatic Post: New Delhi-8118,203.0,33.9,51.62,0.66,1.45,0.13
2025-01-10 15:30:00+00:00,US Diplomatic Post: New Delhi-8118,283.0,33.87,36.57,1.03,1.44,-1.2
2025-01-10 22:30:00+00:00,US Diplomatic Post: New Delhi-8118,146.0,24.38,48.31,0.4,-0.74,-0.17
2025-01-11 02:30:00+00:00,US Diplomatic Post: New Delhi-8118,147.0,22.57,40.92,0.4,-1.15,-0.82
2025-01-11 06:30:00+00:00,US Diplomatic Post: New Delhi-8118,174.0,21.06,46.6,0.53,-1.5,-0.32
2025-01-11 10:30:00+00:00,US Diplomatic Post: New Delhi-8118,174.0,21.12,52.67,0.53,-1.49,0.22
2025-01-11 14:30:00+00:00,US Diplomatic Post: New Delhi-8118,134.0,21.03,31.78,0.34,-1.51,-1.62
2025-01-08 12:30:00+00:00,US Diplomatic Post: New Delhi-8118,86.0,24.55,49.45,0.12,-0.7,-0.07
2025-01-08 16:30:00+00:00,US Diplomatic Post: New Delhi-8118,245.0,24.79,48.69,0.85,-0.64,-0.13
2025-01-08 19:30:00+00:00,US Diplomatic Post: New Delhi-8118,265.0,31.61,56.66,0.95,0.92,0.57
2025-01-08 23:30:00+00:00,US Diplomatic Post: New Delhi-8118,176.0,22.07,45.06,0.53,-1.27,-0.45
2025-01-09 03:30:00+00:00,US Diplomatic Post: New Delhi-8118,192.0,31.2,43.92,0.61,0.83,-0.55
2025-01-09 07:30:00+00:00,US Diplomatic Post: New Delhi-8118,173.0,32.24,59.5,0.52,1.06,0.82
2025-01-09 11:30:00+00:00,US Diplomatic Post: New Delhi-8118,314.0,28.51,40.58,1.17,0.21,-0.85
2025-01-09 15:30:00+00:00,US Diplomatic Post: New Delhi-8118,341.0,28.4,42.87,1.3,0.18,-0.65
2025-01-09 22:30:00+00:00,US Diplomatic Post: New Delhi-8118,359.0,27.86,53.56,1.38,0.06,0.3
2025-01-11 18:30:00+00:00,US Diplomatic Post: New Delhi-8118,132.0,23.05,45.25,0.33,-1.04,-0.44
2025-01-11 21:30:00+00:00,US Diplomatic Post: New Delhi-8118,149.0,29.89,64.73,0.41,0.53,1.28
2025-01-12 01:30:00+00:00,US Diplomatic Post: New Delhi-8118,152.0,23.39,33.39,0.42,-0.97,-1.48
2025-01-12 05:30:00+00:00,US Diplomatic Post: New Delhi-8118,151.0,29.45,37.4,0.42,0.42,-1.13
2025-01-12 09:30:00+00:00,US Diplomatic Post: New Delhi-8118,146.0,32.45,56.53,0.4,1.11,0.56
2025-01-12 13:30:00+00:00,US Diplomatic Post: New Delhi-8118,145.0,28.42,54.67,0.39,0.19,0.39
2025-01-12 17:30:00+00:00,US Diplomatic Post: New Delhi-8118,203.0,28.76,31.6,0.66,0.27,-1.64
2025-01-12 20:30:00+00:00,New Delhi-8118,150.0,27.55,66.29,0.41,-0.01,1.42
2025-01-13 00:30:00+00:00,New Delhi-8118,98.0,30.2,31.08,0.17,0.6,-1.68
2025-01-13 04:30:00+00:00,New Delhi-8118,111.0,29.38,57.89,0.23,0.41,0.68
2025-01-14 18:30:00+00:00,US Diplomatic Post: New Delhi-8118,280.0,27.62,69.79,1.02,0.0,1.72
2025-01-14 21:30:00+00:00,US Diplomatic Post: New Delhi-8118,381.0,29.53,47.86,1.48,0.44,-0.21
2025-01-15 01:30:00+00:00,US Diplomatic Post: New Delhi-8118,292.0,28.28,32.27,1.07,0.16,-1.58
2025-01-15 05:30:00+00:00,US Diplomatic Post: New Delhi-8118,301.0,29.62,37.81,1.11,0.46,-1.09
2025-01-15 09:30:00+00:00,US Diplomatic Post: New Delhi-8118,233.0,22.06,37.73,0.8,-1.27,-1.1
2025-01-15 13:30:00+00:00,US Diplomatic Post: New Delhi-8118,201.0,33.67,34.65,0.65,1.39,-1.37
2025-01-15 17:30:00+00:00,US Diplomatic Post: New Delhi-8118,185.0,22.22,45.78,0.58,-1.23,-0.39
2025-01-15 20:30:00+00:00,US Diplomatic Post: New Delhi-8118,151.0,33.38,60.87,0.42,1.33,0.94
2025-01-16 00:30:00+00:00,US Diplomatic Post: New Delhi-8118,136.0,33.41,59.73,0.35,1.33,0.84
2025-01-31 00:30:00+00:00,US Diplomatic Post: New Delhi-8118,-999.0,33.3,33.18,-4.9,1.31,-1.5
2025-01-31 04:30:00+00:00,US Diplomatic Post: New Delhi-8118,221.0,26.44,52.12,0.74,-0.27,0.17
2025-01-31 08:30:00+00:00,US Diplomatic Post: New Delhi-8118,146.0,26.04,53.17,0.4,-0.36,0.26
2025-01-31 12:30:00+00:00,US Diplomatic Post: New Delhi-8118,173.0,31.03,44.67,0.52,0.79,-0.49
2025-01-31 16:30:00+00:00,US Diplomatic Post: New Delhi-8118,238.0,20.01,31.64,0.82,-1.74,-1.63
2025-01-31 19:30:00+00:00,US Diplomatic Post: New Delhi-8118,262.0,25.97,63.41,0.93,-0.37,1.16
2025-01-31 23:30:00+00:00,US Diplomatic Post: New Delhi-8118,232.0,22.48,42.84,0.79,-1.17,-0.65
2025-02-01 03:30:00+00:00,US Diplomatic Post: New Delhi-8118,165.0,21.18,55.25,0.48,-1.47,0.44
2025-02-01 07:30:00+00:00,US Diplomatic Post: New Delhi-8118,225.0,33.45,34.83,0.76,1.34,-1.35
2025-01-31 01:30:00+00:00,US Diplomatic Post: New Delhi-8118,-999.0,24.65,59.89,-4.9,-0.68,0.85
2025-01-31 05:30:00+00:00,US Diplomatic Post: New Delhi-8118,13.0,24.79,51.17,-0.22,-0.64,0.09
2025-01-31 09:30:00+00:00,US Diplomatic Post: New Delhi-8118,132.0,31.68,49.78,0.33,0.94,-0.04
2025-01-31 13:30:00+00:00,US Diplomatic Post: New Delhi-8118,205.0,26.62,48.54,0.67,-0.22,-0.15
2025-01-31 17:30:00+00:00,US Diplomatic Post: New Delhi-8118,242.0,20.76,44.91,0.84,-1.57,-0.47
2025-01-31 20:30:00+00:00,US Diplomatic Post: New Delhi-8118,262.0,25.62,43.81,0.93,-0.45,-0.56
2025-02-01 00:30:00+00:00,US Diplomatic Post: New Delhi-8118,227.0,24.65,46.15,0.77,-0.68,-0.36
2025-02-01 04:30:00+00:00,US Diplomatic Post: New Delhi-8118,206.0,25.46,50.18,0.67,-0.49,-0.0
2025-02-01 08:30:00+00:00,US Diplomatic Post: New Delhi-8118,320.0,32.84,56.23,1.2,1.2,0.53
2025-01-30 22:30:00+00:00,US Diplomatic Post: New Delhi-8118,196.0,26.57,40.13,0.63,-0.24,-0.89
2025-01-31 02:30:00+00:00,US Diplomatic Post: New Delhi-8118,-999.0,34.37,45.62,-4.9,1.55,-0.4
2025-01-31 06:30:00+00:00,US Diplomatic Post: New Delhi-8118,166.0,29.86,61.07,0.49,0.52,0.96
2025-01-31 10:30:00+00:00,US Diplomatic Post: New Delhi-8118,132.0,23.75,46.65,0.33,-0.88,-0.31
2025-01-31 14:30:00+00:00,US Diplomatic Post: New Delhi-8118,219.0,34.4,64.41,0.73,1.56,1.25
2025-01-31 18:30:00+00:00,US Diplomatic Post: New Delhi-8118,254.0,29.2,41.09,0.9,0.37,-0.8
2025-01-31 21:30:00+00:00,US Diplomatic Post: New Delhi-8118,264.0,23.44,60.14,0.94,-0.95,0.87
2025-02-01 01:30:00+00:00,US Diplomatic Post: New Delhi-8118,217.0,27.41,41.91,0.72,-0.04,-0.73
2025-02-01 05:30:00+00:00,US Diplomatic Post: New Delhi-8118,273.0,30.62,65.62,0.98,0.69,1.36
2025-01-14 17:30:00+00:00,US Diplomatic Post: New Delhi-8118,239.0,20.31,46.86,0.83,-1.67,-0.29
2025-01-14 20:30:00+00:00,US Diplomatic Post: New Delhi-8118,301.0,26.84,57.78,1.11,-0.17,0.67
2025-01-15 00:30:00+00:00,US Diplomatic Post: New Delhi-8118,306.0,32.37,31.24,1.14,1.09,-1.67
2025-01-15 04:30:00+00:00,US Diplomatic Post: New Delhi-8118,267.0,22.27,40.0,0.96,-1.22,-0.9
2025-01-15 08:30:00+00:00,US Diplomatic Post: New Delhi-8118,279.0,32.67,65.14,1.01,1.16,1.31
2025-01-15 12:30:00+00:00,US Diplomatic Post: New Delhi-8118,188.0,25.79,48.2,0.59,-0.42,-0.18
2025-01-15 16:30:00+00:00,US Diplomatic Post: New Delhi-8118,215.0,32.36,68.83,0.72,1.09,1.64
2025-01-15 19:30:00+00:00,US Diplomatic Post: New Delhi-8118,158.0,23.11,50.2,0.45,-1.03,0.0
2025-01-15 23:30:00+00:00,US Diplomatic Post: New Delhi-8118,-999.0,26.82,51.45,-4.9,-0.18,0.11
2025-01-19 06:30:00+00:00,US Diplomatic Post: New Delhi-8118,238.0,27.65,67.82,0.82,0.01,1.55
2025-01-19 10:30:00+00:00,US Diplomatic Post: New Delhi-8118,95.0,31.7,32.92,0.16,0.94,-1.52
2025-01-19 14:30:00+00:00,US Diplomatic Post: New Delhi-8118,184.0,30.99,39.22,0.57,0.78,-0.97
2025-01-19 18:30:00+00:00,US Diplomatic Post: New Delhi-8118,277.0,32.1,62.6,1.0,1.03,1.09
2025-01-19 21:30:00+00:00,US Diplomatic Post: New Delhi-8118,170.0,26.88,51.98,0.51,-0.17,0.16
2025-01-20 01:30:00+00:00,US Diplomatic Post: New Delhi-8118,156.0,31.08,68.33,0.44,0.8,1.6
2025-01-20 05:30:00+00:00,US Diplomatic Post: New Delhi-8118,-999.0,25.61,52.23,-4.9,-0.46,0.18
2025-01-20 09:30:00+00:00,US Diplomatic Post: New Delhi-8118,108.0,29.75,68.0,0.22,0.49,1.57
2025-01-20 13:30:00+00:00,US Diplomatic Post: New Delhi-8118,154.0,24.48,52.11,0.43,-0.72,0.17
2025-01-11 22:30:00+00:00,US Diplomatic Post: New Delhi-8118,157.0,33.88,43.85,0.45,1.44,-0.56
2025-01-12 02:30:00+00:00,US Diplomatic Post: New Delhi-8118,127.0,31.71,50.83,0.31,0.94,0.06
2025-01-12 06:30:00+00:00,US Diplomatic Post: New Delhi-8118,174.0,21.67,50.28,0.53,-1.36,0.01
2025-01-12 10:30:00+00:00,US Diplomatic Post: New Delhi-8118,150.0,34.23,43.66,0.41,1.52,-0.58
2025-01-12 14:30:00+00:00,US Diplomatic Post: New Delhi-8118,153.0,29.58,34.49,0.43,0.45,-1.38
2025-01-12 18:30:00+00:00,US Diplomatic Post: New Delhi-8118,199.0,25.91,57.84,0.64,-0.39,0.67
2025-01-12 21:30:00+00:00,New Delhi-8118,138.0,34.21,37.67,0.36,1.52,-1.1
2025-01-13 01:30:00+00:00,New Delhi-8118,84.0,24.07,44.39,0.11,-0.81,-0.51
2025-01-13 05:30:00+00:00,New Delhi-8118,121.0,30.17,68.96,0.28,0.59,1.65
2025-01-14 22:30:00+00:00,US Diplomatic Post: New Delhi-8118,362.0,27.88,30.97,1.39,0.06,-1.69
2025-01-15 02:30:00+00:00,US Diplomatic Post: New Delhi-8118,291.0,29.12,52.12,1.07,0.35,0.17
2025-01-15 06:30:00+00:00,US Diplomatic Post: New Delhi-8118,321.0,28.34,47.86,1.21,0.17,-0.21
2025-01-15 10:30:00+00:00,US Diplomatic Post: New Delhi-8118,202.0,32.56,55.52,0.65,1.14,0.47
2025-01-15 14:30:00+00:00,US Diplomatic Post: New Delhi-8118,192.0,21.54,42.17,0.61,-1.39,-0.71
2025-01-15 18:30:00+00:00,US Diplomatic Post: New Delhi-8118,156.0,22.54,47.36,0.44,-1.16,-0.25
2025-01-15 21:30:00+00:00,US Diplomatic Post: New Delhi-8118,145.0,31.84,33.06,0.39,0.97,-1.51
2025-01-16 01:30:00+00:00,US Diplomatic Post: New Delhi-8118,125.0,34.77,39.51,0.3,1.64,-0.94
2025-01-08 15:30:00+00:00,US Diplomatic Post: New Delhi-8118,195.0,20.7,54.36,0.62,-1.58,0.37
2025-01-08 22:30:00+00:00,US Diplomatic Post: New Delhi-8118,191.0,34.51,60.96,0.6,1.59,0.95
2025-01-09 02:30:00+00:00,US Diplomatic Post: New Delhi-8118,160.0,30.93,64.65,0.46,0.76,1.27
2025-01-09 06:30:00+00:00,US Diplomatic Post: New Delhi-8118,180.0,23.67,49.56,0.55,-0.9,-0.06
2025-01-09 10:30:00+00:00,US Diplomatic Post: New Delhi-8118,323.0,33.24,48.05,1.21,1.29,-0.19
2025-01-09 14:30:00+00:00,US Diplomatic Post: New Delhi-8118,371.0,34.76,44.62,1.44,1.64,-0.49
2025-01-09 18:30:00+00:00,US Diplomatic Post: New Delhi-8118,347.0,22.59,65.15,1.33,-1.15,1.32
2025-01-09 21:30:00+00:00,US Diplomatic Post: New Delhi-8118,373.0,32.03,46.39,1.45,1.02,-0.34
2025-01-17 19:30:00+00:00,US Diplomatic Post: New Delhi-8118,125.0,23.39,46.88,0.3,-0.97,-0.29
2025-01-17 23:30:00+00:00,US Diplomatic Post: New Delhi-8118,125.0,29.58,57.72,0.3,0.45,0.66
2025-01-18 03:30:00+00:00,US Diplomatic Post: New Delhi-8118,113.0,24.76,65.2,0.24,-0.65,1.32
2025-01-18 07:30:00+00:00,US Diplomatic Post: New Delhi-8118,147.0,31.85,60.17,0.4,0.97,0.88
2025-01-18 11:30:00+00:00,US Diplomatic Post: New Delhi-8118,220.0,34.98,45.64,0.74,1.69,-0.4
2025-01-18 15:30:00+00:00,US Diplomatic Post: New Delhi-8118,196.0,25.54,42.17,0.63,-0.47,-0.71
2025-01-18 22:30:00+00:00,US Diplomatic Post: New Delhi-8118,225.0,25.56,36.31,0.76,-0.47,-1.22
2025-01-19 02:30:00+00:00,US Diplomatic Post: New Delhi-8118,280.0,23.96,60.41,1.02,-0.83,0.9
2025-01-30 23:30:00+00:00,US Diplomatic Post: New Delhi-8118,186.0,32.92,48.84,0.58,1.22,-0.12
2025-01-31 03:30:00+00:00,US Diplomatic Post: New Delhi-8118,213.0,29.39,58.46,0.71,0.41,0.73
2025-01-31 07:30:00+00:00,US Diplomatic Post: New Delhi-8118,146.0,21.9,38.65,0.4,-1.31,-1.02
2025-01-31 11:30:00+00:00,US Diplomatic Post: New Delhi-8118,144.0,20.7,52.49,0.39,-1.58,0.2
2025-01-31 15:30:00+00:00,US Diplomatic Post: New Delhi-8118,225.0,20.03,42.91,0.76,-1.74,-0.64
2025-01-31 22:30:00+00:00,US Diplomatic Post: New Delhi-8118,253.0,22.74,46.26,0.89,-1.11,-0.35
2025-02-01 02:30:00+00:00,US Diplomatic Post: New Delhi-8118,173.0,27.21,41.45,0.52,-0.09,-0.77
2025-02-01 06:30:00+00:00,US Diplomatic Post: New Delhi-8118,275.0,20.05,37.8,0.99,-1.73,-1.09
2025-01-13 09:30:00+00:00,New Delhi-8118,114.0,33.16,54.73,0.25,1.28,0.4
2025-01-13 13:30:00+00:00,New Delhi-8118,123.0,26.92,50.44,0.29,-0.16,0.02
2025-01-13 17:30:00+00:00,New Delhi-8118,187.0,34.31,42.01,0.59,1.54,-0.72
2025-01-13 20:30:00+00:00,US Diplomatic Post: New Delhi-8118,107.0,25.58,36.15,0.22,-0.46,-1.24
2025-01-14 00:30:00+00:00,US Diplomatic Post: New Delhi-8118,131.0,20.47,60.19,0.33,-1.64,0.88
2025-01-14 04:30:00+00:00,US Diplomatic Post: New Delhi-8118,139.0,32.76,30.87,0.36,1.18,-1.7
2025-01-14 08:30:00+00:00,US Diplomatic Post: New Delhi-8118,140.0,33.04,58.32,0.37,1.25,0.71
2025-01-14 12:30:00+00:00,US Diplomatic Post: New Delhi-8118,150.0,26.98,44.4,0.41,-0.14,-0.51
2025-01-14 16:30:00+00:00,US Diplomatic Post: New Delhi-8118,219.0,32.21,58.45,0.73,1.06,0.73
2025-01-13 08:30:00+00:00,New Delhi-8118,104.0,20.73,64.94,0.2,-1.58,1.3
2025-01-13 12:30:00+00:00,New Delhi-8118,117.0,20.8,54.93,0.26,-1.56,0.42
2025-01-13 16:30:00+00:00,New Delhi-8118,151.0,21.7,58.3,0.42,-1.35,0.71
2025-01-13 19:30:00+00:00,US Diplomatic Post: New Delhi-8118,135.0,22.31,41.52,0.35,-1.21,-0.76
2025-01-13 23:30:00+00:00,US Diplomatic Post: New Delhi-8118,122.0,32.46,55.83,0.28,1.11,0.5
2025-01-14 03:30:00+00:00,US Diplomatic Post: New Delhi-8118,134.0,30.41,39.77,0.34,0.64,-0.92
2025-01-14 07:30:00+00:00,US Diplomatic Post: New Delhi-8118,144.0,21.18,46.54,0.39,-1.47,-0.32
2025-01-14 11:30:00+00:00,US Diplomatic Post: New Delhi-8118,134.0,20.11,61.44,0.34,-1.72,0.99
2025-01-14 15:30:00+00:00,US Diplomatic Post: New Delhi-8118,248.0,22.68,57.95,0.87,-1.13,0.68
2025-01-28 14:30:00+00:00,US Diplomatic Post: New Delhi-8118,126.0,26.59,34.92,0.3,-0.23,-1.34
2025-01-28 18:30:00+00:00,US Diplomatic Post: New Delhi-8118,155.0,32.19,34.88,0.44,1.05,-1.35
2025-01-28 21:30:00+00:00,US Diplomatic Post: New Delhi-8118,181.0,30.65,69.63,0.56,0.7,1.71
2025-01-29 01:30:00+00:00,US Diplomatic Post: New Delhi-8118,396.0,21.62,48.83,1.55,-1.37,-0.12
2025-01-29 05:30:00+00:00,US Diplomatic Post: New Delhi-8118,345.0,31.07,49.49,1.32,0.8,-0.06
2025-01-29 09:30:00+00:00,US Diplomatic Post: New Delhi-8118,132.0,33.39,60.62,0.33,1.33,0.92
2025-01-29 13:30:00+00:00,US Diplomatic Post: New Delhi-8118,146.0,32.89,65.35,0.4,1.21,1.33
2025-01-29 17:30:00+00:00,US Diplomatic Post: New Delhi-8118,233.0,20.26,54.99,0.8,-1.68,0.42
2025-01-17 20:30:00+00:00,US Diplomatic Post: New Delhi-8118,153.0,28.44,34.34,0.43,0.19,-1.4
2025-01-18 00:30:00+00:00,US Diplomatic Post: New Delhi-8118,122.0,30.48,37.99,0.28,0.66,-1.07
2025-01-18 04:30:00+00:00,US Diplomatic Post: New Delhi-8118,117.0,28.21,41.95,0.26,0.14,-0.73
2025-01-18 08:30:00+00:00,US Diplomatic Post: New Delhi-8118,178.0,31.59,64.34,0.54,0.92,1.24
2025-01-18 12:30:00+00:00,US Diplomatic Post: New Delhi-8118,200.0,33.26,34.35,0.65,1.3,-1.4
2025-01-18 16:30:00+00:00,US Diplomatic Post: New Delhi-8118,228.0,24.32,32.88,0.78,-0.75,-1.52
2025-01-18 19:30:00+00:00,US Diplomatic Post: New Delhi-8118,225.0,30.94,54.44,0.76,0.77,0.37
2025-01-18 23:30:00+00:00,US Diplomatic Post: New Delhi-8118,210.0,33.64,36.9,0.69,1.39,-1.17
2025-01-17 21:30:00+00:00,US Diplomatic Post: New Delhi-8118,137.0,29.66,50.51,0.35,0.47,0.03
2025-01-18 01:30:00+00:00,US Diplomatic Post: New Delhi-8118,120.0,29.49,62.19,0.28,0.43,1.06
2025-01-18 05:30:00+00:00,US Diplomatic Post: New Delhi-8118,132.0,34.57,57.08,0.33,1.6,0.61
2025-01-18 09:30:00+00:00,US Diplomatic Post: New Delhi-8118,177.0,27.65,34.72,0.54,0.01,-1.36
2025-01-18 13:30:00+00:00,US Diplomatic Post: New Delhi-8118,186.0,29.21,36.2,0.58,0.37,-1.23
2025-01-18 17:30:00+00:00,US Diplomatic Post: New Delhi-8118,295.0,30.09,50.65,1.09,0.57,0.04
2025-01-18 20:30:00+00:00,US Diplomatic Post: New Delhi-8118,232.0,20.26,47.97,0.79,-1.68,-0.2
2025-01-19 00:30:00+00:00,US Diplomatic Post: New Delhi-8118,220.0,24.8,37.25,0.74,-0.64,-1.14
2025-01-17 22:30:00+00:00,US Diplomatic Post: New Delhi-8118,131.0,32.66,39.76,0.33,1.16,-0.92
2025-01-18 02:30:00+00:00,US Diplomatic Post: New Delhi-8118,113.0,34.08,30.64,0.24,1.49,-1.72
2025-01-18 06:30:00+00:00,US Diplomatic Post: New Delhi-8118,137.0,28.79,52.85,0.35,0.27,0.23
2025-01-18 10:30:00+00:00,US Diplomatic Post: New Delhi-8118,219.0,23.55,50.06,0.73,-0.93,-0.01
2025-01-18 14:30:00+00:00,US Diplomatic Post: New Delhi-8118,188.0,22.3,65.94,0.59,-1.22,1.39
2025-01-18 18:30:00+00:00,US Diplomatic Post: New Delhi-8118,222.0,20.17,59.83,0.75,-1.7,0.85
2025-01-18 21:30:00+00:00,US Diplomatic Post: New Delhi-8118,232.0,31.24,30.1,0.79,0.84,-1.77
2025-01-19 01:30:00+00:00,US Diplomatic Post: New Delhi-8118,246.0,25.84,32.5,0.86,-0.4,-1.56
2025-02-09 22:30:00+00:00,US Diplomatic Post: New Delhi-8118,178.0,21.52,50.61,0.54,-1.39,0.04
2025-02-10 02:30:00+00:00,US Diplomatic Post: New Delhi-8118,178.0,34.52,41.54,0.54,1.59,-0.76
2025-02-10 06:30:00+00:00,US Diplomatic Post: New Delhi-8118,72.0,34.52,59.25,0.05,1.59,0.8
2025-02-10 10:30:00+00:00,US Diplomatic Post: New Delhi-8118,59.0,25.29,55.17,-0.01,-0.53,0.44
2025-02-10 14:30:00+00:00,US Diplomatic Post: New Delhi-8118,86.0,26.74,69.19,0.12,-0.2,1.67
2025-02-10 18:30:00+00:00,US Diplomatic Post: New Delhi-8118,165.0,27.15,50.03,0.48,-0.1,-0.01
2025-02-10 21:30:00+00:00,US Diplomatic Post: New Delhi-8118,214.0,26.75,48.01,0.71,-0.19,-0.19
2025-02-11 01:30:00+00:00,US Diplomatic Post: New Delhi-8118,158.0,30.96,31.84,0.45,0.77,-1.62
2025-02-10 00:30:00+00:00,US Diplomatic Post: New Delhi-8118,165.0,27.45,52.1,0.48,-0.03,0.17
2025-02-10 04:30:00+00:00,US Diplomatic Post: New Delhi-8118,146.0,28.93,41.2,0.4,0.31,-0.79
2025-02-10 08:30:00+00:00,US Diplomatic Post: New Delhi-8118,48.0,28.85,44.91,-0.06,0.29,-0.47
2025-02-10 12:30:00+00:00,US Diplomatic Post: New Delhi-8118,64.0,31.51,36.85,0.02,0.9,-1.17
2025-02-10 16:30:00+00:00,US Diplomatic Post: New Delhi-8118,129.0,26.01,55.59,0.32,-0.36,0.47
2025-02-10 19:30:00+00:00,US Diplomatic Post: New Delhi-8118,182.0,31.08,46.33,0.56,0.8,-0.34
2025-02-10 23:30:00+00:00,US Diplomatic Post: New Delhi-8118,150.0,22.97,42.05,0.41,-1.06,-0.72
2025-02-11 03:30:00+00:00,US Diplomatic Post: New Delhi-8118,192.0,20.99,64.73,0.61,-1.52,1.28
2025-02-10 01:30:00+00:00,US Diplomatic Post: New Delhi-8118,174.0,30.88,32.33,0.53,0.75,-1.57
2025-02-10 05:30:00+00:00,US Diplomatic Post: New Delhi-8118,111.0,23.82,48.75,0.23,-0.87,-0.13
2025-02-10 09:30:00+00:00,US Diplomatic Post: New Delhi-8118,55.0,33.15,40.07,-0.02,1.27,-0.89
2025-02-10 13:30:00+00:00,US Diplomatic Post: New Delhi-8118,72.0,33.52,57.2,0.05,1.36,0.62
2025-02-10 17:30:00+00:00,US Diplomatic Post: New Delhi-8118,163.0,29.45,50.07,0.47,0.42,-0.01
2025-02-10 20:30:00+00:00,US Diplomatic Post: New Delhi-8118,166.0,24.38,51.36,0.49,-0.74,0.1
2025-02-11 00:30:00+00:00,US Diplomatic Post: New Delhi-8118,158.0,23.91,34.7,0.45,-0.85,-1.36
2025-02-11 04:30:00+00:00,US Diplomatic Post: New Delhi-8118,179.0,21.23,52.1,0.55,-1.46,0.17
2025-01-26 10:30:00+00:00,US Diplomatic Post: New Delhi-8118,52.0,21.7,39.87,-0.04,-1.35,-0.91
2025-01-26 14:30:00+00:00,US Diplomatic Post: New Delhi-8118,106.0,25.94,64.92,0.21,-0.38,1.3
2025-01-26 18:30:00+00:00,US Diplomatic Post: New Delhi-8118,109.0,29.49,69.41,0.22,0.43,1.69
2025-01-26 21:30:00+00:00,US Diplomatic Post: New Delhi-8118,146.0,20.24,64.52,0.4,-1.69,1.26
2025-01-27 01:30:00+00:00,US Diplomatic Post: New Delhi-8118,129.0,30.1,38.16,0.32,0.57,-1.06
2025-01-27 05:30:00+00:00,US Diplomatic Post: New Delhi-8118,107.0,20.97,56.29,0.22,-1.52,0.54
2025-01-27 09:30:00+00:00,US Diplomatic Post: New Delhi-8118,60.0,34.3,34.83,-0.0,1.54,-1.35
2025-01-27 13:30:00+00:00,US Diplomatic Post: New Delhi-8118,92.0,25.14,45.44,0.15,-0.56,-0.42
2025-01-24 04:30:00+00:00,US Diplomatic Post: New Delhi-8118,117.0,21.0,41.15,0.26,-1.51,-0.8
2025-01-24 08:30:00+00:00,US Diplomatic Post: New Delhi-8118,53.0,33.69,40.84,-0.03,1.4,-0.82
2025-01-24 12:30:00+00:00,US Diplomatic Post: New Delhi-8118,50.0,34.57,58.85,-0.05,1.6,0.76
2025-01-24 16:30:00+00:00,US Diplomatic Post: New Delhi-8118,132.0,21.4,64.96,0.33,-1.42,1.3
2025-01-24 19:30:00+00:00,US Diplomatic Post: New Delhi-8118,103.0,29.94,38.27,0.2,0.54,-1.05
2025-01-24 23:30:00+00:00,US Diplomatic Post: New Delhi-8118,79.0,22.49,58.93,0.09,-1.17,0.77
2025-01-25 03:30:00+00:00,US Diplomatic Post: New Delhi-8118,69.0,21.22,32.78,0.04,-1.46,-1.53
2025-01-25 07:30:00+00:00,US Diplomatic Post: New Delhi-8118,43.0,27.33,41.23,-0.08,-0.06,-0.79
2025-01-28 15:30:00+00:00,US Diplomatic Post: New Delhi-8118,177.0,23.41,35.19,0.54,-0.96,-1.32
2025-01-28 22:30:00+00:00,US Diplomatic Post: New Delhi-8118,259.0,31.45,34.88,0.92,0.88,-1.35
2025-01-29 02:30:00+00:00,US Diplomatic Post: New Delhi-8118,364.0,20.31,37.82,1.4,-1.67,-1.09
2025-01-29 06:30:00+00:00,US Diplomatic Post: New Delhi-8118,275.0,34.01,68.45,0.99,1.47,1.61
2025-01-29 10:30:00+00:00,US Diplomatic Post: New Delhi-8118,118.0,30.95,56.95,0.27,0.77,0.59
2025-01-29 14:30:00+00:00,US Diplomatic Post: New Delhi-8118,161.0,34.56,34.15,0.47,1.6,-1.41
2025-01-29 18:30:00+00:00,US Diplomatic Post: New Delhi-8118,232.0,21.05,30.32,0.79,-1.5,-1.75
2025-01-14 19:30:00+00:00,US Diplomatic Post: New Delhi-8118,299.0,32.51,38.86,1.1,1.13,-1.0
2025-01-14 23:30:00+00:00,US Diplomatic Post: New Delhi-8118,332.0,27.98,58.32,1.26,0.09,0.71
2025-01-15 03:30:00+00:00,US Diplomatic Post: New Delhi-8118,320.0,32.65,64.08,1.2,1.16,1.22
2025-01-15 07:30:00+00:00,US Diplomatic Post: New Delhi-8118,318.0,30.92,60.56,1.19,0.76,0.91
2025-01-15 11:30:00+00:00,US Diplomatic Post: New Delhi-8118,187.0,33.5,30.47,0.59,1.35,-1.74
2025-01-15 15:30:00+00:00,US Diplomatic Post: New Delhi-8118,207.0,33.89,56.69,0.68,1.44,0.57
2025-01-15 22:30:00+00:00,US Diplomatic Post: New Delhi-8118,154.0,29.96,40.76,0.43,0.54,-0.83
2025-01-28 16:30:00+00:00,US Diplomatic Post: New Delhi-8118,184.0,24.3,55.51,0.57,-0.76,0.47
2025-01-28 19:30:00+00:00,US Diplomatic Post: New Delhi-8118,137.0,26.0,32.99,0.35,-0.37,-1.51
2025-01-28 23:30:00+00:00,US Diplomatic Post: New Delhi-8118,331.0,26.15,54.57,1.25,-0.33,0.38
2025-01-29 03:30:00+00:00,US Diplomatic Post: New Delhi-8118,295.0,20.92,32.64,1.09,-1.53,-1.55
2025-01-29 07:30:00+00:00,US Diplomatic Post: New Delhi-8118,217.0,30.69,64.63,0.72,0.71,1.27
2025-01-29 11:30:00+00:00,US Diplomatic Post: New Delhi-8118,115.0,21.72,54.77,0.25,-1.35,0.4
2025-01-29 15:30:00+00:00,US Diplomatic Post: New Delhi-8118,186.0,20.1,46.17,0.58,-1.72,-0.35
2025-02-09 23:30:00+00:00,US Diplomatic Post: New Delhi-8118,164.0,34.02,48.46,0.48,1.47,-0.15
2025-02-10 03:30:00+00:00,US Diplomatic Post: New Delhi-8118,202.0,33.64,51.89,0.65,1.39,0.15
2025-02-10 07:30:00+00:00,US Diplomatic Post: New Delhi-8118,63.0,32.4,34.58,0.01,1.1,-1.37
2025-02-10 11:30:00+00:00,US Diplomatic Post: New Delhi-8118,61.0,32.91,37.05,0.0,1.22,-1.16
2025-02-10 15:30:00+00:00,US Diplomatic Post: New Delhi-8118,111.0,28.38,53.41,0.23,0.18,0.28
2025-02-10 22:30:00+00:00,US Diplomatic Post: New Delhi-8118,137.0,22.73,68.73,0.35,-1.12,1.63
2025-02-11 02:30:00+00:00,US Diplomatic Post: New Delhi-8118,185.0,26.54,39.7,0.58,-0.24,-0.92
2025-01-13 10:30:00+00:00,New Delhi-8118,113.0,30.77,52.35,0.24,0.73,0.19
2025-01-13 14:30:00+00:00,New Delhi-8118,142.0,26.25,66.39,0.38,-0.31,1.42
2025-01-13 18:30:00+00:00,New Delhi-8118,188.0,28.43,36.67,0.59,0.19,-1.19
2025-01-13 21:30:00+00:00,US Diplomatic Post: New Delhi-8118,122.0,27.68,65.89,0.28,0.02,1.38
2025-01-14 01:30:00+00:00,US Diplomatic Post: New Delhi-8118,124.0,25.15,65.27,0.29,-0.56,1.33
2025-01-14 05:30:00+00:00,US Diplomatic Post: New Delhi-8118,151.0,30.8,43.64,0.42,0.73,-0.58
2025-01-14 09:30:00+00:00,US Diplomatic Post: New Delhi-8118,148.0,23.02,64.18,0.41,-1.05,1.23
2025-01-14 13:30:00+00:00,US Diplomatic Post: New Delhi-8118,165.0,25.72,56.04,0.48,-0.43,0.51
2025-01-24 03:30:00+00:00,US Diplomatic Post: New Delhi-8118,115.0,23.58,69.8,0.25,-0.92,1.73
2025-01-24 07:30:00+00:00,US Diplomatic Post: New Delhi-8118,62.0,24.55,42.2,0.01,-0.7,-0.7
2025-01-24 11:30:00+00:00,US Diplomatic Post: New Delhi-8118,36.0,34.84,41.38,-0.11,1.66,-0.78
2025-01-24 15:30:00+00:00,US Diplomatic Post: New Delhi-8118,126.0,33.0,69.66,0.3,1.24,1.71
2025-01-24 22:30:00+00:00,US Diplomatic Post: New Delhi-8118,87.0,21.04,34.98,0.12,-1.5,-1.34
2025-01-25 02:30:00+00:00,US Diplomatic Post: New Delhi-8118,63.0,26.3,38.32,0.01,-0.3,-1.05
2025-01-25 06:30:00+00:00,US Diplomatic Post: New Delhi-8118,47.0,30.61,44.33,-0.06,0.69,-0.52
2025-01-29 22:30:00+00:00,US Diplomatic Post: New Delhi-8118,222.0,30.9,37.16,0.75,0.76,-1.15
2025-01-30 02:30:00+00:00,US Diplomatic Post: New Delhi-8118,226.0,21.98,65.49,0.77,-1.29,1.35
2025-01-30 06:30:00+00:00,US Diplomatic Post: New Delhi-8118,145.0,28.48,35.01,0.39,0.2,-1.34
2025-01-30 10:30:00+00:00,US Diplomatic Post: New Delhi-8118,112.0,30.55,57.48,0.24,0.68,0.64
2025-01-30 14:30:00+00:00,US Diplomatic Post: New Delhi-8118,-999.0,21.23,54.49,-4.9,-1.46,0.38
2025-01-30 18:30:00+00:00,US Diplomatic Post: New Delhi-8118,198.0,32.79,31.59,0.64,1.19,-1.64
2025-01-30 21:30:00+00:00,US Diplomatic Post: New Delhi-8118,-999.0,23.13,36.08,-4.9,-1.03,-1.24
2025-01-29 20:30:00+00:00,US Diplomatic Post: New Delhi-8118,236.0,34.24,38.74,0.81,1.52,-1.01
2025-01-30 00:30:00+00:00,US Diplomatic Post: New Delhi-8118,203.0,29.84,42.14,0.66,0.51,-0.71
2025-01-30 04:30:00+00:00,US Diplomatic Post: New Delhi-8118,238.0,32.58,35.0,0.82,1.14,-1.34
2025-01-30 08:30:00+00:00,US Diplomatic Post: New Delhi-8118,124.0,32.94,59.46,0.29,1.23,0.82
2025-01-30 12:30:00+00:00,US Diplomatic Post: New Delhi-8118,116.0,22.55,40.49,0.26,-1.16,-0.85
2025-01-30 16:30:00+00:00,US Diplomatic Post: New Delhi-8118,169.0,27.39,59.85,0.5,-0.05,0.85
2025-01-30 19:30:00+00:00,US Diplomatic Post: New Delhi-8118,202.0,32.65,59.75,0.65,1.16,0.84
2025-02-04 05:30:00+00:00,US Diplomatic Post: New Delhi-8118,135.0,33.51,64.73,0.35,1.36,1.28
2025-02-04 09:30:00+00:00,US Diplomatic Post: New Delhi-8118,118.0,32.82,69.69,0.27,1.2,1.72
2025-02-04 13:30:00+00:00,US Diplomatic Post: New Delhi-8118,208.0,32.57,68.85,0.68,1.14,1.64
2025-02-04 17:30:00+00:00,US Diplomatic Post: New Delhi-8118,235.0,24.14,54.44,0.81,-0.79,0.37
2025-02-04 20:30:00+00:00,US Diplomatic Post: New Delhi-8118,164.0,27.56,54.64,0.48,-0.01,0.39
2025-02-05 00:30:00+00:00,US Diplomatic Post: New Delhi-8118,121.0,21.04,52.94,0.28,-1.5,0.24
2025-02-05 04:30:00+00:00,US Diplomatic Post: New Delhi-8118,120.0,30.86,40.8,0.28,0.75,-0.83
2025-01-29 21:30:00+00:00,US Diplomatic Post: New Delhi-8118,232.0,25.35,39.41,0.79,-0.52,-0.95
2025-01-30 01:30:00+00:00,US Diplomatic Post: New Delhi-8118,206.0,20.92,41.78,0.67,-1.53,-0.74
2025-01-30 05:30:00+00:00,US Diplomatic Post: New Delhi-8118,189.0,30.19,40.83,0.59,0.59,-0.82
2025-01-30 09:30:00+00:00,US Diplomatic Post: New Delhi-8118,111.0,23.19,41.61,0.23,-1.01,-0.76
2025-01-30 13:30:00+00:00,US Diplomatic Post: New Delhi-8118,118.0,34.7,69.33,0.27,1.63,1.68
2025-01-30 17:30:00+00:00,US Diplomatic Post: New Delhi-8118,186.0,29.85,51.33,0.58,0.52,0.1
2025-01-30 20:30:00+00:00,US Diplomatic Post: New Delhi-8118,211.0,21.49,54.6,0.7,-1.4,0.39
2025-02-01 09:30:00+00:00,US Diplomatic Post: New Delhi-8118,219.0,28.89,38.96,0.73,0.3,-0.99
2025-02-01 13:30:00+00:00,US Diplomatic Post: New Delhi-8118,195.0,30.78,33.32,0.62,0.73,-1.49
2025-02-01 17:30:00+00:00,US Diplomatic Post: New Delhi-8118,215.0,21.68,36.1,0.72,-1.36,-1.24
2025-02-01 20:30:00+00:00,US Diplomatic Post: New Delhi-8118,170.0,28.08,48.17,0.51,0.11,-0.18
2025-02-02 00:30:00+00:00,US Diplomatic Post: New Delhi-8118,177.0,34.2,58.04,0.54,1.51,0.69
2025-02-02 04:30:00+00:00,US Diplomatic Post: New Delhi-8118,208.0,23.19,68.12,0.68,-1.01,1.58
2025-02-02 08:30:00+00:00,US Diplomatic Post: New Delhi-8118,183.0,27.47,55.97,0.57,-0.03,0.51
2025-02-01 10:30:00+00:00,US Diplomatic Post: New Delhi-8118,94.0,32.21,59.01,0.16,1.06,0.78
2025-02-01 14:30:00+00:00,US Diplomatic Post: New Delhi-8118,227.0,21.11,42.94,0.77,-1.49,-0.64
2025-02-01 18:30:00+00:00,US Diplomatic Post: New Delhi-8118,198.0,31.72,31.17,0.64,0.95,-1.67
2025-02-01 21:30:00+00:00,US Diplomatic Post: New Delhi-8118,174.0,25.5,31.95,0.53,-0.48,-1.61
2025-02-02 01:30:00+00:00,US Diplomatic Post: New Delhi-8118,183.0,27.34,68.31,0.57,-0.06,1.59
2025-02-02 05:30:00+00:00,US Diplomatic Post: New Delhi-8118,227.0,20.25,36.21,0.77,-1.69,-1.23
2025-02-02 09:30:00+00:00,US Diplomatic Post: New Delhi-8118,174.0,28.19,67.38,0.53,0.14,1.51
2025-01-21 22:30:00+00:00,US Diplomatic Post: New Delhi-8118,119.0,28.22,69.45,0.27,0.14,1.69
2025-01-22 02:30:00+00:00,US Diplomatic Post: New Delhi-8118,120.0,28.39,60.28,0.28,0.18,0.89
2025-01-22 06:30:00+00:00,US Diplomatic Post: New Delhi-8118,111.0,31.89,37.01,0.23,0.98,-1.16
2025-01-22 10:30:00+00:00,US Diplomatic Post: New Delhi-8118,58.0,34.13,66.32,-0.01,1.5,1.42
2025-01-22 14:30:00+00:00,US Diplomatic Post: New Delhi-8118,115.0,32.42,43.94,0.25,1.11,-0.55
2025-01-22 18:30:00+00:00,US Diplomatic Post: New Delhi-8118,256.0,23.7,46.68,0.9,-0.89,-0.31
2025-01-22 21:30:00+00:00,US Diplomatic Post: New Delhi-8118,142.0,31.3,62.42,0.38,0.85,1.08
2025-01-22 00:30:00+00:00,US Diplomatic Post: New Delhi-8118,130.0,29.57,34.87,0.32,0.45,-1.35
2025-01-22 04:30:00+00:00,US Diplomatic Post: New Delhi-8118,144.0,23.43,50.51,0.39,-0.96,0.03
2025-01-22 08:30:00+00:00,US Diplomatic Post: New Delhi-8118,67.0,34.27,37.55,0.03,1.53,-1.11
2025-01-22 12:30:00+00:00,US Diplomatic Post: New Delhi-8118,56.0,29.12,40.43,-0.02,0.35,-0.86
2025-01-22 16:30:00+00:00,US Diplomatic Post: New Delhi-8118,189.0,20.06,47.75,0.59,-1.73,-0.22
2025-01-22 19:30:00+00:00,US Diplomatic Post: New Delhi-8118,176.0,20.98,42.6,0.53,-1.52,-0.67
2025-01-22 23:30:00+00:00,US Diplomatic Post: New Delhi-8118,158.0,25.18,61.06,0.45,-0.56,0.96
2025-01-27 14:30:00+00:00,US Diplomatic Post: New Delhi-8118,128.0,24.15,34.38,0.31,-0.79,-1.39
2025-01-27 18:30:00+00:00,US Diplomatic Post: New Delhi-8118,132.0,21.18,37.14,0.33,-1.47,-1.15
2025-01-27 21:30:00+00:00,US Diplomatic Post: New Delhi-8118,124.0,28.43,68.29,0.29,0.19,1.59
2025-01-28 01:30:00+00:00,US Diplomatic Post: New Delhi-8118,104.0,33.07,45.06,0.2,1.25,-0.45
2025-01-28 05:30:00+00:00,US Diplomatic Post: New Delhi-8118,122.0,25.7,55.8,0.28,-0.44,0.49
2025-01-28 09:30:00+00:00,US Diplomatic Post: New Delhi-8118,70.0,28.21,42.73,0.04,0.14,-0.66
2025-01-28 13:30:00+00:00,US Diplomatic Post: New Delhi-8118,104.0,20.94,69.48,0.2,-1.53,1.7
2025-01-28 17:30:00+00:00,US Diplomatic Post: New Delhi-8118,174.0,21.2,41.22,0.53,-1.47,-0.79
2025-01-28 20:30:00+00:00,US Diplomatic Post: New Delhi-8118,159.0,24.46,31.17,0.46,-0.72,-1.67
2025-01-29 00:30:00+00:00,US Diplomatic Post: New Delhi-8118,380.0,34.27,31.76,1.48,1.53,-1.62
2025-01-29 04:30:00+00:00,US Diplomatic Post: New Delhi-8118,362.0,26.4,34.9,1.39,-0.28,-1.35
2025-01-29 08:30:00+00:00,US Diplomatic Post: New Delhi-8118,155.0,24.17,50.04,0.44,-0.79,-0.01
2025-01-29 12:30:00+00:00,US Diplomatic Post: New Delhi-8118,134.0,29.71,55.07,0.34,0.48,0.43
2025-01-29 16:30:00+00:00,US Diplomatic Post: New Delhi-8118,231.0,33.73,60.32,0.79,1.41,0.89
2025-02-05 06:30:00+00:00,US Diplomatic Post: New Delhi-8118,97.0,20.25,48.64,0.17,-1.69,-0.14
2025-02-05 10:30:00+00:00,US Diplomatic Post: New Delhi-8118,43.0,31.18,52.63,-0.08,0.82,0.21
2025-02-05 14:30:00+00:00,US Diplomatic Post: New Delhi-8118,100.0,22.14,40.08,0.18,-1.25,-0.89
2025-02-05 18:30:00+00:00,US Diplomatic Post: New Delhi-8118,153.0,22.58,59.79,0.43,-1.15,0.84
2025-02-05 21:30:00+00:00,US Diplomatic Post: New Delhi-8118,129.0,34.75,44.1,0.32,1.64,-0.54
2025-02-06 01:30:00+00:00,US Diplomatic Post: New Delhi-8118,118.0,25.59,57.55,0.27,-0.46,0.65
2025-02-06 05:30:00+00:00,US Diplomatic Post: New Delhi-8118,103.0,22.14,61.58,0.2,-1.25,1.0
2025-01-23 02:30:00+00:00,US Diplomatic Post: New Delhi-8118,181.0,20.38,54.65,0.56,-1.66,0.39
2025-01-23 06:30:00+00:00,US Diplomatic Post: New Delhi-8118,116.0,26.89,56.84,0.26,-0.16,0.58
2025-01-23 10:30:00+00:00,US Diplomatic Post: New Delhi-8118,41.0,26.42,55.02,-0.09,-0.27,0.42
2025-01-23 14:30:00+00:00,US Diplomatic Post: New Delhi-8118,97.0,27.92,33.13,0.17,0.07,-1.5
2025-01-23 18:30:00+00:00,US Diplomatic Post: New Delhi-8118,91.0,22.46,50.98,0.14,-1.18,0.07
2025-01-23 21:30:00+00:00,US Diplomatic Post: New Delhi-8118,93.0,28.42,65.45,0.15,0.19,1.34
2025-01-24 01:30:00+00:00,US Diplomatic Post: New Delhi-8118,121.0,33.89,53.46,0.28,1.44,0.29
2025-01-26 12:30:00+00:00,US Diplomatic Post: New Delhi-8118,52.0,22.77,51.13,-0.04,-1.11,0.08
2025-01-26 16:30:00+00:00,US Diplomatic Post: New Delhi-8118,135.0,28.86,53.3,0.35,0.29,0.27
2025-01-26 19:30:00+00:00,US Diplomatic Post: New Delhi-8118,118.0,29.71,65.6,0.27,0.48,1.36
2025-01-26 23:30:00+00:00,US Diplomatic Post: New Delhi-8118,139.0,33.27,44.55,0.36,1.3,-0.5
2025-01-27 03:30:00+00:00,US Diplomatic Post: New Delhi-8118,118.0,20.28,30.81,0.27,-1.68,-1.71
2025-01-27 07:30:00+00:00,US Diplomatic Post: New Delhi-8118,101.0,25.13,49.86,0.19,-0.57,-0.03
2025-01-27 11:30:00+00:00,US Diplomatic Post: New Delhi-8118,70.0,32.27,51.07,0.04,1.07,0.08
2025-01-26 13:30:00+00:00,US Diplomatic Post: New Delhi-8118,77.0,24.43,30.95,0.08,-0.73,-1.69
2025-01-26 17:30:00+00:00,US Diplomatic Post: New Delhi-8118,122.0,30.05,43.42,0.28,0.56,-0.6
2025-01-26 20:30:00+00:00,US Diplomatic Post: New Delhi-8118,132.0,33.69,38.78,0.33,1.4,-1.01
2025-01-27 00:30:00+00:00,US Diplomatic Post: New Delhi-8118,127.0,33.39,67.35,0.31,1.33,1.51
2025-01-27 04:30:00+00:00,US Diplomatic Post: New Delhi-8118,119.0,32.74,57.7,0.27,1.18,0.66
2025-01-27 08:30:00+00:00,US Diplomatic Post: New Delhi-8118,71.0,20.24,50.13,0.05,-1.69,-0.01
2025-01-27 12:30:00+00:00,US Diplomatic Post: New Delhi-8118,81.0,32.89,54.31,0.1,1.21,0.36
2025-02-05 05:30:00+00:00,US Diplomatic Post: New Delhi-8118,111.0,27.8,55.4,0.23,0.05,0.46
2025-02-05 09:30:00+00:00,US Diplomatic Post: New Delhi-8118,48.0,27.64,30.12,-0.06,0.01,-1.77
2025-02-05 13:30:00+00:00,US Diplomatic Post: New Delhi-8118,54.0,24.28,49.99,-0.03,-0.76,-0.02
2025-02-05 17:30:00+00:00,US Diplomatic Post: New Delhi-8118,156.0,29.83,38.33,0.44,0.51,-1.04
2025-02-05 20:30:00+00:00,US Diplomatic Post: New Delhi-8118,134.0,26.67,56.15,0.34,-0.21,0.52
2025-02-06 00:30:00+00:00,US Diplomatic Post: New Delhi-8118,128.0,27.69,37.58,0.31,0.02,-1.11
2025-02-06 04:30:00+00:00,US Diplomatic Post: New Delhi-8118,128.0,31.97,55.06,0.31,1.0,0.43
2025-01-23 01:30:00+00:00,US Diplomatic Post: New Delhi-8118,155.0,22.88,42.81,0.44,-1.08,-0.65
2025-01-23 05:30:00+00:00,US Diplomatic Post: New Delhi-8118,175.0,21.62,45.67,0.53,-1.37,-0.4
2025-01-23 09:30:00+00:00,US Diplomatic Post: New Delhi-8118,36.0,22.12,64.85,-0.11,-1.26,1.29
2025-01-23 13:30:00+00:00,US Diplomatic Post: New Delhi-8118,55.0,34.3,58.09,-0.02,1.54,0.69
2025-01-23 17:30:00+00:00,US Diplomatic Post: New Delhi-8118,92.0,31.84,48.74,0.15,0.97,-0.13
2025-01-23 20:30:00+00:00,US Diplomatic Post: New Delhi-8118,102.0,20.82,58.9,0.19,-1.56,0.77
2025-01-24 00:30:00+00:00,US Diplomatic Post: New Delhi-8118,123.0,27.52,38.16,0.29,-0.02,-1.06
2025-01-21 21:30:00+00:00,US Diplomatic Post: New Delhi-8118,127.0,23.3,62.47,0.31,-0.99,1.08
2025-01-22 01:30:00+00:00,US Diplomatic Post: New Delhi-8118,136.0,29.94,45.47,0.35,0.54,-0.42
2025-01-22 05:30:00+00:00,US Diplomatic Post: New Delhi-8118,121.0,21.05,65.83,0.28,-1.5,1.38
2025-01-22 09:30:00+00:00,US Diplomatic Post: New Delhi-8118,66.0,26.34,63.62,0.03,-0.29,1.18
2025-01-22 13:30:00+00:00,US Diplomatic Post: New Delhi-8118,78.0,27.6,31.68,0.08,0.0,-1.63
2025-01-22 17:30:00+00:00,US Diplomatic Post: New Delhi-8118,247.0,20.01,66.6,0.86,-1.74,1.44
2025-01-22 20:30:00+00:00,US Diplomatic Post: New Delhi-8118,123.0,26.2,57.78,0.29,-0.32,0.67
2025-01-23 00:30:00+00:00,US Diplomatic Post: New Delhi-8118,156.0,24.59,57.35,0.44,-0.69,0.63
2025-01-23 04:30:00+00:00,US Diplomatic Post: New Delhi-8118,164.0,28.13,64.0,0.48,0.12,1.21
2025-01-23 08:30:00+00:00,US Diplomatic Post: New Delhi-8118,43.0,24.52,50.5,-0.08,-0.71,0.03
2025-01-23 12:30:00+00:00,US Diplomatic Post: New Delhi-8118,44.0,26.04,35.95,-0.08,-0.36,-1.25
2025-01-23 16:30:00+00:00,US Diplomatic Post: New Delhi-8118,99.0,29.18,39.54,0.18,0.36,-0.94
2025-01-23 19:30:00+00:00,US Diplomatic Post: New Delhi-8118,94.0,24.3,33.74,0.16,-0.76,-1.45
2025-01-23 23:30:00+00:00,US Diplomatic Post: New Delhi-8118,121.0,24.45,46.15,0.28,-0.72,-0.36
2025-01-24 05:30:00+00:00,US Diplomatic Post: New Delhi-8118,96.0,25.32,47.17,0.16,-0.52,-0.27
2025-01-24 09:30:00+00:00,US Diplomatic Post: New Delhi-8118,41.0,28.43,62.32,-0.09,0.19,1.07
2025-01-24 13:30:00+00:00,US Diplomatic Post: New Delhi-8118,67.0,33.2,42.54,0.03,1.28,-0.67
2025-01-24 17:30:00+00:00,US Diplomatic Post: New Delhi-8118,116.0,32.58,54.23,0.26,1.14,0.35
2025-01-24 20:30:00+00:00,US Diplomatic Post: New Delhi-8118,90.0,23.06,59.02,0.14,-1.04,0.78
2025-01-25 00:30:00+00:00,US Diplomatic Post: New Delhi-8118,74.0,33.77,33.21,0.06,1.42,-1.5
2025-01-25 04:30:00+00:00,US Diplomatic Post: New Delhi-8118,59.0,32.83,30.91,-0.01,1.2,-1.7
2025-01-24 06:30:00+00:00,US Diplomatic Post: New Delhi-8118,77.0,25.08,42.35,0.08,-0.58,-0.69
2025-01-24 10:30:00+00:00,US Diplomatic Post: New Delhi-8118,31.0,22.58,34.78,-0.14,-1.15,-1.36
2025-01-24 14:30:00+00:00,US Diplomatic Post: New Delhi-8118,89.0,32.85,57.92,0.13,1.2,0.68
2025-01-24 18:30:00+00:00,US Diplomatic Post: New Delhi-8118,101.0,26.43,43.47,0.19,-0.27,-0.59
2025-01-24 21:30:00+00:00,US Diplomatic Post: New Delhi-8118,90.0,23.02,34.37,0.14,-1.05,-1.39
2025-01-25 01:30:00+00:00,US Diplomatic Post: New Delhi-8118,69.0,23.6,49.76,0.04,-0.92,-0.04
2025-01-25 05:30:00+00:00,US Diplomatic Post: New Delhi-8118,53.0,20.96,42.08,-0.03,-1.52,-0.71
2025-01-25 09:30:00+00:00,US Diplomatic Post: New Delhi-8118,43.0,22.54,31.18,-0.08,-1.16,-1.67
2025-01-25 13:30:00+00:00,US Diplomatic Post: New Delhi-8118,65.0,22.74,50.54,0.02,-1.11,0.03
2025-01-25 17:30:00+00:00,US Diplomatic Post: New Delhi-8118,91.0,24.32,33.28,0.14,-0.75,-1.49
2025-01-25 20:30:00+00:00,US Diplomatic Post: New Delhi-8118,88.0,27.22,43.81,0.13,-0.09,-0.56
2025-01-26 00:30:00+00:00,US Diplomatic Post: New Delhi-8118,91.0,33.0,53.65,0.14,1.24,0.3
2025-01-26 04:30:00+00:00,US Diplomatic Post: New Delhi-8118,85.0,34.83,61.54,0.11,1.66,1.0
2025-01-26 08:30:00+00:00,US Diplomatic Post: New Delhi-8118,56.0,28.35,33.13,-0.02,0.17,-1.5
2025-01-25 10:30:00+00:00,US Diplomatic Post: New Delhi-8118,41.0,24.26,55.86,-0.09,-0.77,0.5
2025-01-25 14:30:00+00:00,US Diplomatic Post: New Delhi-8118,119.0,31.45,59.53,0.27,0.88,0.82
2025-01-25 18:30:00+00:00,US Diplomatic Post: New Delhi-8118,88.0,28.41,60.0,0.13,0.19,0.86
2025-01-25 21:30:00+00:00,US Diplomatic Post: New Delhi-8118,89.0,24.26,32.6,0.13,-0.77,-1.55
2025-01-26 01:30:00+00:00,US Diplomatic Post: New Delhi-8118,80.0,20.43,50.27,0.09,-1.64,0.01
2025-01-26 05:30:00+00:00,US Diplomatic Post: New Delhi-8118,87.0,34.55,43.99,0.12,1.59,-0.55
2025-01-26 09:30:00+00:00,US Diplomatic Post: New Delhi-8118,58.0,20.67,36.3,-0.01,-1.59,-1.22
2025-01-25 08:30:00+00:00,US Diplomatic Post: New Delhi-8118,45.0,24.46,41.73,-0.07,-0.72,-0.75
2025-01-25 12:30:00+00:00,US Diplomatic Post: New Delhi-8118,52.0,28.73,61.47,-0.04,0.26,0.99
2025-01-25 16:30:00+00:00,US Diplomatic Post: New Delhi-8118,93.0,22.54,51.33,0.15,-1.16,0.1
2025-01-25 19:30:00+00:00,US Diplomatic Post: New Delhi-8118,82.0,21.4,57.46,0.1,-1.42,0.64
2025-01-25 23:30:00+00:00,US Diplomatic Post: New Delhi-8118,90.0,25.57,32.23,0.14,-0.47,-1.58
2025-01-26 03:30:00+00:00,US Diplomatic Post: New Delhi-8118,82.0,27.96,57.56,0.1,0.08,0.65
2025-01-26 07:30:00+00:00,US Diplomatic Post: New Delhi-8118,64.0,33.5,38.9,0.02,1.35,-0.99
2025-01-13 11:30:00+00:00,New Delhi-8118,117.0,29.04,34.76,0.26,0.33,-1.36
2025-01-13 15:30:00+00:00,New Delhi-8118,127.0,34.28,48.08,0.31,1.53,-0.19
2025-01-13 22:30:00+00:00,US Diplomatic Post: New Delhi-8118,121.0,25.91,67.19,0.28,-0.39,1.5
2025-01-14 02:30:00+00:00,US Diplomatic Post: New Delhi-8118,136.0,21.18,57.02,0.35,-1.47,0.6
2025-01-14 06:30:00+00:00,US Diplomatic Post: New Delhi-8118,166.0,21.28,33.81,0.49,-1.45,-1.44
2025-01-14 10:30:00+00:00,US Diplomatic Post: New Delhi-8118,140.0,20.58,60.4,0.37,-1.61,0.9
2025-01-14 14:30:00+00:00,US Diplomatic Post: New Delhi-8118,216.0,30.02,51.83,0.72,0.56,0.14
2025-01-20 17:30:00+00:00,US Diplomatic Post: New Delhi-8118,194.0,31.56,40.46,0.62,0.91,-0.86
2025-01-20 20:30:00+00:00,New Delhi-8118,162.0,34.39,50.4,0.47,1.56,0.02
2025-01-21 00:30:00+00:00,New Delhi-8118,143.0,25.67,37.36,0.38,-0.44,-1.13
2025-01-21 04:30:00+00:00,New Delhi-8118,145.0,27.23,64.51,0.39,-0.08,1.26
2025-01-21 08:30:00+00:00,New Delhi-8118,102.0,25.3,42.54,0.19,-0.53,-0.67
2025-01-21 12:30:00+00:00,New Delhi-8118,100.0,34.26,38.38,0.18,1.53,-1.04
2025-01-21 16:30:00+00:00,New Delhi-8118,170.0,20.69,32.11,0.51,-1.58,-1.59
2025-01-21 19:30:00+00:00,US Diplomatic Post: New Delhi-8118,166.0,30.75,55.96,0.49,0.72,0.51
2025-01-20 18:30:00+00:00,US Diplomatic Post: New Delhi-8118,158.0,28.49,55.15,0.45,0.2,0.44
2025-01-20 21:30:00+00:00,New Delhi-8118,157.0,26.08,50.73,0.45,-0.35,0.05
2025-01-21 01:30:00+00:00,New Delhi-8118,140.0,21.01,63.26,0.37,-1.51,1.15
2025-01-21 05:30:00+00:00,New Delhi-8118,117.0,28.8,67.98,0.26,0.28,1.56
2025-01-21 09:30:00+00:00,New Delhi-8118,85.0,21.85,52.05,0.11,-1.32,0.16
2025-01-21 13:30:00+00:00,New Delhi-8118,124.0,28.76,49.29,0.29,0.27,-0.08
2025-01-21 17:30:00+00:00,New Delhi-8118,156.0,21.33,64.41,0.44,-1.44,1.25
2025-01-21 20:30:00+00:00,US Diplomatic Post: New Delhi-8118,135.0,26.55,35.62,0.35,-0.24,-1.28
2025-01-29 19:30:00+00:00,US Diplomatic Post: New Delhi-8118,235.0,33.76,66.7,0.81,1.41,1.45
2025-01-29 23:30:00+00:00,US Diplomatic Post: New Delhi-8118,211.0,26.55,47.32,0.7,-0.24,-0.25
2025-01-30 03:30:00+00:00,US Diplomatic Post: New Delhi-8118,261.0,28.43,65.76,0.93,0.19,1.37
2025-01-30 07:30:00+00:00,US Diplomatic Post: New Delhi-8118,125.0,26.75,33.51,0.3,-0.19,-1.47
2025-01-30 11:30:00+00:00,US Diplomatic Post: New Delhi-8118,115.0,29.14,53.63,0.25,0.35,0.3
2025-01-30 15:30:00+00:00,US Diplomatic Post: New Delhi-8118,160.0,31.41,66.76,0.46,0.87,1.46
2025-02-05 07:30:00+00:00,US Diplomatic Post: New Delhi-8118,69.0,33.04,63.17,0.04,1.25,1.14
2025-02-05 11:30:00+00:00,US Diplomatic Post: New Delhi-8118,37.0,25.98,53.74,-0.11,-0.37,0.31
2025-02-05 15:30:00+00:00,US Diplomatic Post: New Delhi-8118,112.0,27.67,59.73,0.24,0.02,0.84
2025-02-05 22:30:00+00:00,US Diplomatic Post: New Delhi-8118,135.0,25.33,67.49,0.35,-0.52,1.52
2025-02-06 02:30:00+00:00,US Diplomatic Post: New Delhi-8118,118.0,32.03,62.49,0.27,1.02,1.08
2025-02-06 06:30:00+00:00,US Diplomatic Post: New Delhi-8118,76.0,30.38,31.24,0.07,0.64,-1.67
2025-02-18 19:30:00+00:00,US Diplomatic Post: New Delhi-8118,102.0,25.78,30.09,0.19,-0.42,-1.77
2025-02-18 23:30:00+00:00,US Diplomatic Post: New Delhi-8118,115.0,33.62,58.96,0.25,1.38,0.77
2025-02-19 03:30:00+00:00,US Diplomatic Post: New Delhi-8118,108.0,28.99,68.95,0.22,0.32,1.65
2025-02-19 07:30:00+00:00,US Diplomatic Post: New Delhi-8118,57.0,34.28,52.12,-0.02,1.53,0.17
2025-02-19 11:30:00+00:00,US Diplomatic Post: New Delhi-8118,34.0,29.16,33.95,-0.12,0.36,-1.43
2025-02-19 15:30:00+00:00,US Diplomatic Post: New Delhi-8118,73.0,27.62,57.75,0.06,0.0,0.66
2025-01-26 11:30:00+00:00,US Diplomatic Post: New Delhi-8118,59.0,30.01,64.53,-0.01,0.55,1.26
2025-01-26 15:30:00+00:00,US Diplomatic Post: New Delhi-8118,146.0,25.11,62.83,0.4,-0.57,1.11
2025-01-26 22:30:00+00:00,US Diplomatic Post: New Delhi-8118,143.0,33.1,61.34,0.38,1.26,0.98
2025-01-27 02:30:00+00:00,US Diplomatic Post: New Delhi-8118,122.0,27.16,48.57,0.28,-0.1,-0.14
2025-01-27 06:30:00+00:00,US Diplomatic Post: New Delhi-8118,90.0,30.08,69.43,0.14,0.57,1.69
2025-01-27 10:30:00+00:00,US Diplomatic Post: New Delhi-8118,64.0,23.73,56.45,0.02,-0.89,0.55
2025-01-21 23:30:00+00:00,US Diplomatic Post: New Delhi-8118,136.0,20.8,42.0,0.35,-1.56,-0.72
2025-01-22 03:30:00+00:00,US Diplomatic Post: New Delhi-8118,123.0,33.69,69.99,0.29,1.4,1.74
2025-01-22 07:30:00+00:00,US Diplomatic Post: New Delhi-8118,72.0,25.95,57.94,0.05,-0.38,0.68
2025-01-22 11:30:00+00:00,US Diplomatic Post: New Delhi-8118,51.0,24.73,53.78,-0.04,-0.66,0.32
2025-01-22 15:30:00+00:00,US Diplomatic Post: New Delhi-8118,152.0,20.05,31.53,0.42,-1.73,-1.64
2025-01-22 22:30:00+00:00,US Diplomatic Post: New Delhi-8118,149.0,31.32,66.1,0.41,0.85,1.4
2025-01-23 03:30:00+00:00,US Diplomatic Post: New Delhi-8118,158.0,24.22,47.87,0.45,-0.78,-0.21
2025-01-23 07:30:00+00:00,US Diplomatic Post: New Delhi-8118,65.0,21.21,67.19,0.02,-1.47,1.5
2025-01-23 11:30:00+00:00,US Diplomatic Post: New Delhi-8118,38.0,32.95,45.93,-0.1,1.23,-0.38
2025-01-23 15:30:00+00:00,US Diplomatic Post: New Delhi-8118,113.0,28.5,53.33,0.24,0.21,0.28
2025-01-23 22:30:00+00:00,US Diplomatic Post: New Delhi-8118,99.0,24.97,46.34,0.18,-0.6,-0.34
2025-01-24 02:30:00+00:00,US Diplomatic Post: New Delhi-8118,117.0,26.39,37.31,0.26,-0.28,-1.13
2025-02-06 07:30:00+00:00,US Diplomatic Post: New Delhi-8118,46.0,28.31,50.54,-0.07,0.16,0.03
2025-02-06 11:30:00+00:00,US Diplomatic Post: New Delhi-8118,39.0,30.1,31.56,-0.1,0.57,-1.64
2025-02-06 15:30:00+00:00,US Diplomatic Post: New Delhi-8118,90.0,34.58,59.37,0.14,1.6,0.81
2025-02-06 22:30:00+00:00,US Diplomatic Post: New Delhi-8118,103.0,29.49,65.6,0.2,0.43,1.36
2025-02-07 02:30:00+00:00,US Diplomatic Post: New Delhi-8118,83.0,27.79,50.46,0.1,0.04,0.02
2025-02-07 06:30:00+00:00,US Diplomatic Post: New Delhi-8118,47.0,30.35,63.19,-0.06,0.63,1.14
2025-02-18 22:30:00+00:00,US Diplomatic Post: New Delhi-8118,100.0,24.28,53.1,0.18,-0.76,0.26
2025-02-19 02:30:00+00:00,US Diplomatic Post: New Delhi-8118,98.0,30.94,47.77,0.17,0.77,-0.21
2025-02-19 06:30:00+00:00,US Diplomatic Post: New Delhi-8118,67.0,34.43,31.68,0.03,1.57,-1.63
2025-02-19 10:30:00+00:00,US Diplomatic Post: New Delhi-8118,31.0,22.97,51.35,-0.14,-1.06,0.1
2025-02-19 14:30:00+00:00,US Diplomatic Post: New Delhi-8118,64.0,26.52,68.09,0.02,-0.25,1.57
2025-02-19 18:30:00+00:00,US Diplomatic Post: New Delhi-8118,53.0,20.7,56.51,-0.03,-1.58,0.56
2025-02-02 12:30:00+00:00,US Diplomatic Post: New Delhi-8118,172.0,22.78,34.16,0.52,-1.11,-1.41
2025-02-02 16:30:00+00:00,US Diplomatic Post: New Delhi-8118,195.0,21.65,56.53,0.62,-1.36,0.56
2025-02-02 19:30:00+00:00,US Diplomatic Post: New Delhi-8118,153.0,30.42,46.36,0.43,0.65,-0.34
2025-02-02 23:30:00+00:00,US Diplomatic Post: New Delhi-8118,158.0,23.95,39.65,0.45,-0.84,-0.93
2025-02-03 03:30:00+00:00,US Diplomatic Post: New Delhi-8118,120.0,32.85,64.88,0.28,1.2,1.29
2025-02-03 07:30:00+00:00,US Diplomatic Post: New Delhi-8118,100.0,22.71,57.81,0.18,-1.12,0.67
2025-02-01 12:30:00+00:00,US Diplomatic Post: New Delhi-8118,196.0,29.46,65.46,0.63,0.43,1.34
2025-02-01 16:30:00+00:00,US Diplomatic Post: New Delhi-8118,219.0,32.19,63.08,0.73,1.05,1.13
2025-02-01 19:30:00+00:00,US Diplomatic Post: New Delhi-8118,177.0,33.64,67.26,0.54,1.39,1.5
2025-02-01 23:30:00+00:00,US Diplomatic Post: New Delhi-8118,191.0,22.55,65.7,0.6,-1.16,1.36
2025-02-02 03:30:00+00:00,US Diplomatic Post: New Delhi-8118,183.0,27.69,60.16,0.57,0.02,0.88
2025-02-02 07:30:00+00:00,US Diplomatic Post: New Delhi-8118,197.0,34.81,62.99,0.63,1.65,1.13
2025-02-02 10:30:00+00:00,US Diplomatic Post: New Delhi-8118,167.0,27.88,35.19,0.49,0.06,-1.32
2025-02-02 14:30:00+00:00,US Diplomatic Post: New Delhi-8118,169.0,29.58,43.48,0.5,0.45,-0.59
2025-02-02 18:30:00+00:00,US Diplomatic Post: New Delhi-8118,165.0,30.16,39.73,0.48,0.59,-0.92
2025-02-02 21:30:00+00:00,US Diplomatic Post: New Delhi-8118,138.0,30.07,52.34,0.36,0.57,0.19
2025-02-03 01:30:00+00:00,US Diplomatic Post: New Delhi-8118,143.0,33.38,52.69,0.38,1.33,0.22
2025-02-03 05:30:00+00:00,US Diplomatic Post: New Delhi-8118,136.0,29.93,38.4,0.35,0.53,-1.04
2025-02-02 13:30:00+00:00,US Diplomatic Post: New Delhi-8118,163.0,23.49,49.82,0.47,-0.94,-0.03
2025-02-02 17:30:00+00:00,US Diplomatic Post: New Delhi-8118,184.0,25.59,69.35,0.57,-0.46,1.69
2025-02-02 20:30:00+00:00,US Diplomatic Post: New Delhi-8118,146.0,34.44,63.71,0.4,1.57,1.19
2025-02-03 00:30:00+00:00,US Diplomatic Post: New Delhi-8118,153.0,20.66,69.44,0.43,-1.59,1.69
2025-02-03 04:30:00+00:00,US Diplomatic Post: New Delhi-8118,192.0,28.95,61.17,0.61,0.31,0.97
2025-02-03 08:30:00+00:00,US Diplomatic Post: New Delhi-8118,55.0,28.12,67.93,-0.02,0.12,1.56
2025-02-04 06:30:00+00:00,US Diplomatic Post: New Delhi-8118,141.0,25.72,59.64,0.37,-0.43,0.83
2025-02-04 10:30:00+00:00,US Diplomatic Post: New Delhi-8118,165.0,20.88,69.55,0.48,-1.54,1.7
2025-02-04 14:30:00+00:00,US Diplomatic Post: New Delhi-8118,214.0,34.59,58.95,0.71,1.6,0.77
2025-02-04 18:30:00+00:00,US Diplomatic Post: New Delhi-8118,206.0,27.82,63.16,0.67,0.05,1.14
2025-02-04 21:30:00+00:00,US Diplomatic Post: New Delhi-8118,156.0,29.24,66.74,0.44,0.38,1.46
2025-02-05 01:30:00+00:00,US Diplomatic Post: New Delhi-8118,132.0,23.6,56.65,0.33,-0.92,0.57
2025-02-04 08:30:00+00:00,US Diplomatic Post: New Delhi-8118,92.0,33.17,37.35,0.15,1.28,-1.13
2025-02-04 12:30:00+00:00,US Diplomatic Post: New Delhi-8118,193.0,24.45,42.82,0.61,-0.72,-0.65
2025-02-04 16:30:00+00:00,US Diplomatic Post: New Delhi-8118,240.0,27.51,30.09,0.83,-0.02,-1.77
2025-02-04 19:30:00+00:00,US Diplomatic Post: New Delhi-8118,197.0,31.67,35.41,0.63,0.93,-1.3
2025-02-04 23:30:00+00:00,US Diplomatic Post: New Delhi-8118,126.0,27.19,50.06,0.3,-0.09,-0.01
2025-02-05 03:30:00+00:00,US Diplomatic Post: New Delhi-8118,139.0,34.45,59.21,0.36,1.57,0.79
2025-02-05 08:30:00+00:00,US Diplomatic Post: New Delhi-8118,48.0,21.08,47.49,-0.06,-1.5,-0.24
2025-02-05 12:30:00+00:00,US Diplomatic Post: New Delhi-8118,34.0,27.15,47.81,-0.12,-0.1,-0.21
2025-02-05 16:30:00+00:00,US Diplomatic Post: New Delhi-8118,135.0,32.28,31.32,0.35,1.07,-1.66
2025-02-05 19:30:00+00:00,US Diplomatic Post: New Delhi-8118,131.0,21.64,64.42,0.33,-1.37,1.25
2025-02-05 23:30:00+00:00,US Diplomatic Post: New Delhi-8118,132.0,20.13,61.29,0.33,-1.71,0.98
2025-02-06 03:30:00+00:00,US Diplomatic Post: New Delhi-8118,126.0,21.82,63.08,0.3,-1.33,1.13
2025-01-27 16:30:00+00:00,US Diplomatic Post: New Delhi-8118,148.0,28.79,68.52,0.41,0.27,1.61
2025-01-27 19:30:00+00:00,US Diplomatic Post: New Delhi-8118,124.0,25.21,56.92,0.29,-0.55,0.59
2025-01-27 23:30:00+00:00,US Diplomatic Post: New Delhi-8118,98.0,27.11,54.48,0.17,-0.11,0.38
2025-01-28 03:30:00+00:00,US Diplomatic Post: New Delhi-8118,124.0,27.51,48.32,0.29,-0.02,-0.17
2025-01-28 07:30:00+00:00,US Diplomatic Post: New Delhi-8118,88.0,32.98,56.92,0.13,1.23,0.59
2025-01-28 11:30:00+00:00,US Diplomatic Post: New Delhi-8118,70.0,23.27,38.58,0.04,-0.99,-1.02
2025-02-03 09:30:00+00:00,US Diplomatic Post: New Delhi-8118,53.0,26.1,44.45,-0.03,-0.34,-0.51
2025-02-03 13:30:00+00:00,US Diplomatic Post: New Delhi-8118,74.0,27.61,60.09,0.06,0.0,0.87
2025-02-03 17:30:00+00:00,US Diplomatic Post: New Delhi-8118,119.0,21.32,51.74,0.27,-1.44,0.14
2025-02-03 20:30:00+00:00,US Diplomatic Post: New Delhi-8118,141.0,24.07,42.75,0.37,-0.81,-0.66
2025-02-04 00:30:00+00:00,US Diplomatic Post: New Delhi-8118,105.0,29.87,37.27,0.21,0.52,-1.14
2025-02-04 04:30:00+00:00,US Diplomatic Post: New Delhi-8118,153.0,25.79,59.27,0.43,-0.42,0.8
2025-02-11 05:30:00+00:00,US Diplomatic Post: New Delhi-8118,86.0,31.45,33.99,0.12,0.88,-1.43
2025-02-11 09:30:00+00:00,US Diplomatic Post: New Delhi-8118,57.0,24.27,50.71,-0.02,-0.76,0.04
2025-02-11 13:30:00+00:00,US Diplomatic Post: New Delhi-8118,68.0,20.14,43.14,0.04,-1.71,-0.62
2025-02-11 17:30:00+00:00,US Diplomatic Post: New Delhi-8118,113.0,32.41,40.52,0.24,1.1,-0.85
2025-02-11 20:30:00+00:00,US Diplomatic Post: New Delhi-8118,130.0,23.35,64.47,0.32,-0.97,1.26
2025-02-12 00:30:00+00:00,US Diplomatic Post: New Delhi-8118,123.0,21.16,62.84,0.29,-1.48,1.11
2025-02-09 01:30:00+00:00,US Diplomatic Post: New Delhi-8118,99.0,20.85,48.25,0.18,-1.55,-0.17
2025-02-09 05:30:00+00:00,US Diplomatic Post: New Delhi-8118,93.0,33.67,46.36,0.15,1.39,-0.34
2025-02-09 09:30:00+00:00,US Diplomatic Post: New Delhi-8118,66.0,21.92,38.16,0.03,-1.3,-1.06
2025-02-09 13:30:00+00:00,US Diplomatic Post: New Delhi-8118,103.0,31.51,62.03,0.2,0.9,1.04
2025-02-09 17:30:00+00:00,US Diplomatic Post: New Delhi-8118,174.0,26.21,50.4,0.53,-0.32,0.02
2025-02-09 20:30:00+00:00,US Diplomatic Post: New Delhi-8118,194.0,33.06,66.06,0.62,1.25,1.4
2025-02-17 01:30:00+00:00,US Diplomatic Post: New Delhi-8118,100.0,25.44,60.1,0.18,-0.5,0.87
2025-02-17 05:30:00+00:00,US Diplomatic Post: New Delhi-8118,93.0,29.37,59.33,0.15,0.41,0.8
2025-02-17 09:30:00+00:00,US Diplomatic Post: New Delhi-8118,60.0,33.26,42.83,-0.0,1.3,-0.65
2025-02-17 13:30:00+00:00,US Diplomatic Post: New Delhi-8118,66.0,23.98,47.88,0.03,-0.83,-0.2
2025-02-17 17:30:00+00:00,US Diplomatic Post: New Delhi-8118,107.0,22.68,59.92,0.22,-1.13,0.86
2025-02-17 20:30:00+00:00,US Diplomatic Post: New Delhi-8118,127.0,21.51,48.67,0.31,-1.4,-0.13
2025-01-27 17:30:00+00:00,US Diplomatic Post: New Delhi-8118,133.0,30.9,48.62,0.34,0.76,-0.14
2025-01-27 20:30:00+00:00,US Diplomatic Post: New Delhi-8118,118.0,25.93,49.01,0.27,-0.38,-0.1
2025-01-28 00:30:00+00:00,US Diplomatic Post: New Delhi-8118,102.0,22.78,45.16,0.19,-1.11,-0.44
2025-01-28 04:30:00+00:00,US Diplomatic Post: New Delhi-8118,137.0,27.8,62.8,0.35,0.05,1.11
2025-01-28 08:30:00+00:00,US Diplomatic Post: New Delhi-8118,89.0,23.26,55.06,0.13,-1.0,0.43
2025-01-28 12:30:00+00:00,US Diplomatic Post: New Delhi-8118,80.0,26.65,54.77,0.09,-0.22,0.4
2025-02-07 08:30:00+00:00,US Diplomatic Post: New Delhi-8118,27.0,22.63,31.39,-0.15,-1.14,-1.66
2025-02-07 12:30:00+00:00,US Diplomatic Post: New Delhi-8118,31.0,20.41,57.01,-0.14,-1.65,0.6
2025-02-07 16:30:00+00:00,US Diplomatic Post: New Delhi-8118,68.0,29.59,36.91,0.04,0.46,-1.17
2025-02-07 19:30:00+00:00,US Diplomatic Post: New Delhi-8118,104.0,31.99,61.67,0.2,1.01,1.01
2025-02-07 23:30:00+00:00,US Diplomatic Post: New Delhi-8118,77.0,26.12,47.69,0.08,-0.34,-0.22
2025-02-08 03:30:00+00:00,US Diplomatic Post: New Delhi-8118,83.0,29.55,43.72,0.1,0.45,-0.57
2025-02-11 06:30:00+00:00,US Diplomatic Post: New Delhi-8118,73.0,22.94,49.19,0.06,-1.07,-0.09
2025-02-11 10:30:00+00:00,US Diplomatic Post: New Delhi-8118,89.0,30.41,66.23,0.13,0.64,1.41
2025-02-11 14:30:00+00:00,US Diplomatic Post: New Delhi-8118,89.0,21.33,60.93,0.13,-1.44,0.94
2025-02-11 18:30:00+00:00,US Diplomatic Post: New Delhi-8118,109.0,25.72,50.45,0.22,-0.43,0.02
2025-02-11 21:30:00+00:00,US Diplomatic Post: New Delhi-8118,168.0,34.3,58.95,0.5,1.54,0.77
2025-02-12 01:30:00+00:00,US Diplomatic Post: New Delhi-8118,97.0,31.81,41.92,0.17,0.97,-0.73
2025-02-12 22:30:00+00:00,US Diplomatic Post: New Delhi-8118,80.0,20.75,48.41,0.09,-1.57,-0.16
2025-02-13 02:30:00+00:00,US Diplomatic Post: New Delhi-8118,79.0,32.82,66.48,0.09,1.2,1.43
2025-02-13 06:30:00+00:00,US Diplomatic Post: New Delhi-8118,56.0,28.82,45.53,-0.02,0.28,-0.41
2025-02-13 10:30:00+00:00,US Diplomatic Post: New Delhi-8118,-999.0,23.49,66.91,-4.9,-0.94,1.47
2025-02-13 14:30:00+00:00,US Diplomatic Post: New Delhi-8118,47.0,30.2,66.85,-0.06,0.6,1.47
2025-02-13 18:30:00+00:00,US Diplomatic Post: New Delhi-8118,62.0,23.41,62.25,0.01,-0.96,1.06
2025-02-17 21:30:00+00:00,US Diplomatic Post: New Delhi-8118,95.0,27.25,58.4,0.16,-0.08,0.72
2025-02-18 01:30:00+00:00,US Diplomatic Post: New Delhi-8118,97.0,25.13,35.83,0.17,-0.57,-1.26
2025-02-18 05:30:00+00:00,US Diplomatic Post: New Delhi-8118,131.0,28.98,47.95,0.33,0.32,-0.2
2025-02-18 09:30:00+00:00,US Diplomatic Post: New Delhi-8118,17.0,32.51,37.02,-0.2,1.13,-1.16
2025-02-18 13:30:00+00:00,US Diplomatic Post: New Delhi-8118,37.0,33.49,39.58,-0.11,1.35,-0.93
2025-02-18 17:30:00+00:00,US Diplomatic Post: New Delhi-8118,106.0,20.73,31.51,0.21,-1.58,-1.64
2025-02-17 22:30:00+00:00,US Diplomatic Post: New Delhi-8118,85.0,30.35,46.01,0.11,0.63,-0.37
2025-02-18 02:30:00+00:00,US Diplomatic Post: New Delhi-8118,107.0,30.33,65.86,0.22,0.63,1.38
2025-02-18 06:30:00+00:00,US Diplomatic Post: New Delhi-8118,84.0,25.62,53.55,0.11,-0.45,0.29
2025-02-18 10:30:00+00:00,US Diplomatic Post: New Delhi-8118,28.0,23.38,35.76,-0.15,-0.97,-1.27
2025-02-18 14:30:00+00:00,US Diplomatic Post: New Delhi-8118,44.0,29.5,64.82,-0.08,0.44,1.29
2025-02-18 18:30:00+00:00,US Diplomatic Post: New Delhi-8118,112.0,24.16,46.57,0.24,-0.79,-0.32
2025-02-18 20:30:00+00:00,US Diplomatic Post: New Delhi-8118,100.0,26.25,33.59,0.18,-0.31,-1.46
2025-02-19 00:30:00+00:00,US Diplomatic Post: New Delhi-8118,112.0,25.58,66.22,0.24,-0.46,1.41
2025-02-19 04:30:00+00:00,US Diplomatic Post: New Delhi-8118,94.0,33.4,59.37,0.16,1.33,0.81
2025-02-19 08:30:00+00:00,US Diplomatic Post: New Delhi-8118,56.0,27.61,64.29,-0.02,0.0,1.24
2025-02-19 12:30:00+00:00,US Diplomatic Post: New Delhi-8118,40.0,29.15,56.52,-0.09,0.36,0.56
2025-02-19 16:30:00+00:00,US Diplomatic Post: New Delhi-8118,86.0,28.15,42.01,0.12,0.13,-0.72
2025-02-26 21:30:00+00:00,US Diplomatic Post: New Delhi-8118,123.0,29.02,64.75,0.29,0.33,1.28
2025-02-27 01:30:00+00:00,US Diplomatic Post: New Delhi-8118,134.0,29.6,42.75,0.34,0.46,-0.66
2025-02-27 05:30:00+00:00,US Diplomatic Post: New Delhi-8118,36.0,30.31,35.47,-0.11,0.62,-1.3
2025-02-27 09:30:00+00:00,US Diplomatic Post: New Delhi-8118,30.0,30.44,32.29,-0.14,0.65,-1.58
2025-02-27 13:30:00+00:00,US Diplomatic Post: New Delhi-8118,28.0,25.81,62.39,-0.15,-0.41,1.07
2025-02-27 17:30:00+00:00,US Diplomatic Post: New Delhi-8118,55.0,32.86,52.73,-0.02,1.21,0.22
2025-02-26 22:30:00+00:00,US Diplomatic Post: New Delhi-8118,105.0,27.92,49.95,0.21,0.07,-0.02
2025-02-27 02:30:00+00:00,US Diplomatic Post: New Delhi-8118,157.0,33.13,40.9,0.45,1.27,-0.82
2025-02-27 06:30:00+00:00,US Diplomatic Post: New Delhi-8118,26.0,24.14,65.76,-0.16,-0.79,1.37
2025-02-27 10:30:00+00:00,US Diplomatic Post: New Delhi-8118,27.0,21.92,68.59,-0.15,-1.3,1.62
2025-02-27 14:30:00+00:00,US Diplomatic Post: New Delhi-8118,38.0,34.42,51.07,-0.1,1.56,0.08
2025-02-27 18:30:00+00:00,US Diplomatic Post: New Delhi-8118,53.0,31.05,43.09,-0.03,0.79,-0.63
2025-02-06 09:30:00+00:00,US Diplomatic Post: New Delhi-8118,36.0,24.98,55.22,-0.11,-0.6,0.44
2025-02-06 13:30:00+00:00,US Diplomatic Post: New Delhi-8118,61.0,24.59,54.98,0.0,-0.69,0.42
2025-02-06 17:30:00+00:00,US Diplomatic Post: New Delhi-8118,77.0,30.74,33.49,0.08,0.72,-1.47
2025-02-06 20:30:00+00:00,US Diplomatic Post: New Delhi-8118,87.0,24.16,48.68,0.12,-0.79,-0.13
2025-02-07 00:30:00+00:00,US Diplomatic Post: New Delhi-8118,93.0,34.75,63.94,0.15,1.64,1.21
2025-02-07 04:30:00+00:00,US Diplomatic Post: New Delhi-8118,79.0,28.23,65.64,0.09,0.14,1.36
2025-02-06 10:30:00+00:00,US Diplomatic Post: New Delhi-8118,34.0,29.68,63.84,-0.12,0.48,1.2
2025-02-06 14:30:00+00:00,US Diplomatic Post: New Delhi-8118,84.0,30.22,54.06,0.11,0.6,0.34
2025-02-06 18:30:00+00:00,US Diplomatic Post: New Delhi-8118,80.0,24.62,42.06,0.09,-0.68,-0.72
2025-02-06 21:30:00+00:00,US Diplomatic Post: New Delhi-8118,99.0,33.24,51.54,0.18,1.29,0.12
2025-02-07 01:30:00+00:00,US Diplomatic Post: New Delhi-8118,85.0,27.95,67.02,0.11,0.08,1.48
2025-02-07 05:30:00+00:00,US Diplomatic Post: New Delhi-8118,65.0,26.29,61.23,0.02,-0.3,0.97
2025-02-09 00:30:00+00:00,US Diplomatic Post: New Delhi-8118,106.0,22.5,60.56,0.21,-1.17,0.91
2025-02-09 04:30:00+00:00,US Diplomatic Post: New Delhi-8118,92.0,32.81,47.83,0.15,1.2,-0.21
2025-02-09 08:30:00+00:00,US Diplomatic Post: New Delhi-8118,71.0,30.63,63.49,0.05,0.7,1.17
2025-02-09 12:30:00+00:00,US Diplomatic Post: New Delhi-8118,58.0,27.2,54.1,-0.01,-0.09,0.34
2025-02-09 16:30:00+00:00,US Diplomatic Post: New Delhi-8118,165.0,32.35,45.98,0.48,1.09,-0.37
2025-02-09 19:30:00+00:00,US Diplomatic Post: New Delhi-8118,195.0,20.68,48.95,0.62,-1.59,-0.11
2025-02-09 02:30:00+00:00,US Diplomatic Post: New Delhi-8118,99.0,27.31,62.7,0.18,-0.07,1.1
2025-02-09 06:30:00+00:00,US Diplomatic Post: New Delhi-8118,84.0,27.59,43.3,0.11,-0.0,-0.61
2025-02-09 10:30:00+00:00,US Diplomatic Post: New Delhi-8118,42.0,30.94,66.55,-0.09,0.77,1.44
2025-02-09 14:30:00+00:00,US Diplomatic Post: New Delhi-8118,109.0,22.93,38.35,0.22,-1.07,-1.04
2025-02-09 18:30:00+00:00,US Diplomatic Post: New Delhi-8118,177.0,25.91,51.57,0.54,-0.39,0.12
2025-02-09 21:30:00+00:00,US Diplomatic Post: New Delhi-8118,196.0,26.2,55.01,0.63,-0.32,0.42
2025-02-13 19:30:00+00:00,US Diplomatic Post: New Delhi-8118,63.0,21.62,46.18,0.01,-1.37,-0.35
2025-02-13 23:30:00+00:00,US Diplomatic Post: New Delhi-8118,59.0,20.77,37.22,-0.01,-1.57,-1.14
2025-02-14 03:30:00+00:00,US Diplomatic Post: New Delhi-8118,78.0,32.56,58.97,0.08,1.14,0.77
2025-02-14 07:30:00+00:00,US Diplomatic Post: New Delhi-8118,44.0,34.87,40.96,-0.08,1.67,-0.81
2025-02-14 11:30:00+00:00,US Diplomatic Post: New Delhi-8118,35.0,30.43,68.39,-0.12,0.65,1.6
2025-02-14 15:30:00+00:00,US Diplomatic Post: New Delhi-8118,74.0,23.29,59.03,0.06,-0.99,0.78
2025-02-18 21:30:00+00:00,US Diplomatic Post: New Delhi-8118,96.0,28.55,69.66,0.16,0.22,1.71
2025-02-19 01:30:00+00:00,US Diplomatic Post: New Delhi-8118,99.0,30.28,66.97,0.18,0.61,1.48
2025-02-19 05:30:00+00:00,US Diplomatic Post: New Delhi-8118,78.0,33.42,41.34,0.08,1.34,-0.78
2025-02-19 09:30:00+00:00,US Diplomatic Post: New Delhi-8118,43.0,33.06,35.02,-0.08,1.25,-1.34
2025-02-19 13:30:00+00:00,US Diplomatic Post: New Delhi-8118,60.0,28.21,53.27,-0.0,0.14,0.27
2025-02-19 17:30:00+00:00,US Diplomatic Post: New Delhi-8118,73.0,30.85,45.99,0.06,0.75,-0.37
2025-02-25 05:30:00+00:00,US Diplomatic Post: New Delhi-8118,107.0,23.79,30.13,0.22,-0.87,-1.77
2025-02-25 09:30:00+00:00,US Diplomatic Post: New Delhi-8118,48.0,27.72,44.89,-0.06,0.03,-0.47
2025-02-25 13:30:00+00:00,US Diplomatic Post: New Delhi-8118,51.0,31.2,58.44,-0.04,0.83,0.73
2025-02-25 17:30:00+00:00,US Diplomatic Post: New Delhi-8118,82.0,30.08,52.98,0.1,0.57,0.24
2025-02-25 20:30:00+00:00,US Diplomatic Post: New Delhi-8118,97.0,26.75,58.06,0.17,-0.19,0.69
2025-02-26 00:30:00+00:00,US Diplomatic Post: New Delhi-8118,96.0,33.55,40.32,0.16,1.36,-0.87
2025-02-26 20:30:00+00:00,US Diplomatic Post: New Delhi-8118,113.0,34.35,68.73,0.24,1.55,1.63
2025-02-27 00:30:00+00:00,US Diplomatic Post: New Delhi-8118,65.0,21.61,69.85,0.02,-1.37,1.73
2025-02-27 04:30:00+00:00,US Diplomatic Post: New Delhi-8118,51.0,34.58,52.59,-0.04,1.6,0.21
2025-02-27 08:30:00+00:00,US Diplomatic Post: New Delhi-8118,37.0,30.05,45.1,-0.11,0.56,-0.45
2025-02-27 12:30:00+00:00,US Diplomatic Post: New Delhi-8118,26.0,31.62,59.58,-0.16,0.92,0.83
2025-02-27 16:30:00+00:00,US Diplomatic Post: New Delhi-8118,51.0,30.97,48.27,-0.04,0.77,-0.17
2025-02-06 08:30:00+00:00,US Diplomatic Post: New Delhi-8118,31.0,27.91,54.93,-0.14,0.07,0.42
2025-02-06 12:30:00+00:00,US Diplomatic Post: New Delhi-8118,44.0,24.99,52.64,-0.08,-0.6,0.21
2025-02-06 16:30:00+00:00,US Diplomatic Post: New Delhi-8118,93.0,34.65,62.15,0.15,1.62,1.05
2025-02-06 19:30:00+00:00,US Diplomatic Post: New Delhi-8118,95.0,20.03,53.27,0.16,-1.74,0.27
2025-02-06 23:30:00+00:00,US Diplomatic Post: New Delhi-8118,98.0,26.85,35.17,0.17,-0.17,-1.32
2025-02-07 03:30:00+00:00,US Diplomatic Post: New Delhi-8118,87.0,30.17,66.5,0.12,0.59,1.43
2025-02-13 20:30:00+00:00,US Diplomatic Post: New Delhi-8118,59.0,25.89,45.69,-0.01,-0.39,-0.4
2025-02-14 00:30:00+00:00,US Diplomatic Post: New Delhi-8118,58.0,33.14,30.58,-0.01,1.27,-1.73
2025-02-14 04:30:00+00:00,US Diplomatic Post: New Delhi-8118,67.0,20.68,33.59,0.03,-1.59,-1.46
2025-02-14 08:30:00+00:00,US Diplomatic Post: New Delhi-8118,30.0,20.59,52.13,-0.14,-1.61,0.17
2025-02-14 12:30:00+00:00,US Diplomatic Post: New Delhi-8118,46.0,27.5,67.62,-0.07,-0.02,1.53
2025-02-14 16:30:00+00:00,US Diplomatic Post: New Delhi-8118,91.0,26.6,52.74,0.14,-0.23,0.22
2025-02-21 09:30:00+00:00,US Diplomatic Post: New Delhi-8118,92.0,32.41,59.93,0.15,1.1,0.86
2025-02-21 13:30:00+00:00,US Diplomatic Post: New Delhi-8118,90.0,26.09,43.58,0.14,-0.35,-0.58
2025-02-21 17:30:00+00:00,US Diplomatic Post: New Delhi-8118,88.0,21.84,51.0,0.13,-1.32,0.07
2025-02-21 20:30:00+00:00,US Diplomatic Post: New Delhi-8118,78.0,27.22,41.05,0.08,-0.09,-0.81
2025-02-22 00:30:00+00:00,US Diplomatic Post: New Delhi-8118,68.0,28.39,58.88,0.04,0.18,0.76
2025-02-22 04:30:00+00:00,US Diplomatic Post: New Delhi-8118,84.0,29.7,30.76,0.11,0.48,-1.71
2025-02-04 07:30:00+00:00,US Diplomatic Post: New Delhi-8118,128.0,27.71,39.15,0.31,0.03,-0.97
2025-02-04 11:30:00+00:00,US Diplomatic Post: New Delhi-8118,193.0,24.94,67.54,0.61,-0.61,1.53
2025-02-04 15:30:00+00:00,US Diplomatic Post: New Delhi-8118,230.0,32.94,46.75,0.78,1.23,-0.3
2025-02-04 22:30:00+00:00,US Diplomatic Post: New Delhi-8118,139.0,34.76,66.65,0.36,1.64,1.45
2025-02-05 02:30:00+00:00,US Diplomatic Post: New Delhi-8118,130.0,32.58,36.62,0.32,1.14,-1.2
2025-02-01 11:30:00+00:00,US Diplomatic Post: New Delhi-8118,134.0,34.86,67.43,0.34,1.67,1.52
2025-02-01 15:30:00+00:00,US Diplomatic Post: New Delhi-8118,242.0,31.4,33.86,0.84,0.87,-1.44
2025-02-01 22:30:00+00:00,US Diplomatic Post: New Delhi-8118,-999.0,24.34,52.13,-4.9,-0.75,0.17
2025-02-02 02:30:00+00:00,US Diplomatic Post: New Delhi-8118,168.0,20.8,54.94,0.5,-1.56,0.42
2025-02-02 06:30:00+00:00,US Diplomatic Post: New Delhi-8118,238.0,21.78,56.3,0.82,-1.33,0.54
2025-02-02 11:30:00+00:00,US Diplomatic Post: New Delhi-8118,173.0,27.08,66.19,0.52,-0.12,1.41
2025-02-02 15:30:00+00:00,US Diplomatic Post: New Delhi-8118,174.0,24.14,45.06,0.53,-0.79,-0.45
2025-02-02 22:30:00+00:00,US Diplomatic Post: New Delhi-8118,153.0,28.64,47.59,0.43,0.24,-0.23
2025-02-03 02:30:00+00:00,US Diplomatic Post: New Delhi-8118,125.0,31.64,31.21,0.3,0.93,-1.67
2025-02-03 06:30:00+00:00,US Diplomatic Post: New Delhi-8118,8.0,20.83,51.82,-0.24,-1.55,0.14
2025-01-27 15:30:00+00:00,US Diplomatic Post: New Delhi-8118,148.0,20.21,69.92,0.41,-1.7,1.74
2025-01-27 22:30:00+00:00,US Diplomatic Post: New Delhi-8118,121.0,33.22,67.12,0.28,1.29,1.49
2025-01-28 02:30:00+00:00,US Diplomatic Post: New Delhi-8118,124.0,34.1,68.61,0.29,1.49,1.62
2025-01-28 06:30:00+00:00,US Diplomatic Post: New Delhi-8118,111.0,34.16,47.23,0.23,1.5,-0.26
2025-01-28 10:30:00+00:00,US Diplomatic Post: New Delhi-8118,57.0,24.27,56.17,-0.02,-0.76,0.53
2025-02-08 23:30:00+00:00,US Diplomatic Post: New Delhi-8118,117.0,23.25,53.17,0.26,-1.0,0.26
2025-02-09 03:30:00+00:00,US Diplomatic Post: New Delhi-8118,102.0,22.63,32.43,0.19,-1.14,-1.56
2025-02-09 07:30:00+00:00,US Diplomatic Post: New Delhi-8118,78.0,20.96,55.0,0.08,-1.52,0.42
2025-02-09 11:30:00+00:00,US Diplomatic Post: New Delhi-8118,56.0,30.34,63.33,-0.02,0.63,1.16
2025-02-09 15:30:00+00:00,US Diplomatic Post: New Delhi-8118,144.0,27.63,65.35,0.39,0.01,1.33
2025-01-25 11:30:00+00:00,US Diplomatic Post: New Delhi-8118,49.0,24.08,54.34,-0.05,-0.81,0.36
2025-01-25 15:30:00+00:00,US Diplomatic Post: New Delhi-8118,109.0,34.41,61.79,0.22,1.56,1.02
2025-01-25 22:30:00+00:00,US Diplomatic Post: New Delhi-8118,94.0,34.06,34.51,0.16,1.48,-1.38
2025-01-26 02:30:00+00:00,US Diplomatic Post: New Delhi-8118,79.0,31.52,63.43,0.09,0.9,1.16
2025-01-26 06:30:00+00:00,US Diplomatic Post: New Delhi-8118,83.0,27.86,42.84,0.1,0.06,-0.65
2025-02-07 07:30:00+00:00,US Diplomatic Post: New Delhi-8118,36.0,33.99,34.97,-0.11,1.47,-1.34
2025-02-07 11:30:00+00:00,US Diplomatic Post: New Delhi-8118,39.0,20.94,34.83,-0.1,-1.53,-1.35
2025-02-07 15:30:00+00:00,US Diplomatic Post: New Delhi-8118,75.0,29.17,55.83,0.07,0.36,0.5
2025-02-07 22:30:00+00:00,US Diplomatic Post: New Delhi-8118,78.0,33.14,37.78,0.08,1.27,-1.09
2025-02-08 02:30:00+00:00,US Diplomatic Post: New Delhi-8118,78.0,32.77,68.29,0.08,1.19,1.59
2025-02-13 22:30:00+00:00,US Diplomatic Post: New Delhi-8118,61.0,21.14,41.15,0.0,-1.48,-0.8
2025-02-14 02:30:00+00:00,US Diplomatic Post: New Delhi-8118,80.0,23.86,60.68,0.09,-0.86,0.92
2025-02-14 06:30:00+00:00,US Diplomatic Post: New Delhi-8118,46.0,32.24,40.52,-0.07,1.06,-0.85
2025-02-14 10:30:00+00:00,US Diplomatic Post: New Delhi-8118,36.0,23.44,49.36,-0.11,-0.95,-0.07
2025-02-14 14:30:00+00:00,US Diplomatic Post: New Delhi-8118,64.0,29.06,67.31,0.02,0.33,1.51
2025-02-26 23:30:00+00:00,US Diplomatic Post: New Delhi-8118,87.0,34.92,53.01,0.12,1.68,0.25
2025-02-27 03:30:00+00:00,US Diplomatic Post: New Delhi-8118,74.0,30.57,54.86,0.06,0.68,0.41
2025-02-27 07:30:00+00:00,US Diplomatic Post: New Delhi-8118,21.0,28.13,43.59,-0.18,0.12,-0.58
2025-02-27 11:30:00+00:00,US Diplomatic Post: New Delhi-8118,25.0,20.02,38.37,-0.16,-1.74,-1.04
2025-02-27 15:30:00+00:00,US Diplomatic Post: New Delhi-8118,31.0,21.6,44.38,-0.14,-1.38,-0.51
2025-02-11 07:30:00+00:00,US Diplomatic Post: New Delhi-8118,72.0,27.73,45.16,0.05,0.03,-0.44
2025-02-11 11:30:00+00:00,US Diplomatic Post: New Delhi-8118,57.0,25.18,60.7,-0.02,-0.56,0.92
2025-02-11 15:30:00+00:00,US Diplomatic Post: New Delhi-8118,98.0,24.0,43.23,0.17,-0.83,-0.61
2025-02-11 22:30:00+00:00,US Diplomatic Post: New Delhi-8118,186.0,34.39,51.75,0.58,1.56,0.14
2025-02-12 02:30:00+00:00,US Diplomatic Post: New Delhi-8118,91.0,26.78,64.86,0.14,-0.19,1.29
2025-02-03 10:30:00+00:00,US Diplomatic Post: New Delhi-8118,50.0,29.29,64.21,-0.05,0.39,1.23
2025-02-03 14:30:00+00:00,US Diplomatic Post: New Delhi-8118,104.0,26.39,40.19,0.2,-0.28,-0.88
2025-02-03 18:30:00+00:00,US Diplomatic Post: New Delhi-8118,129.0,34.34,61.46,0.32,1.55,0.99
2025-02-03 21:30:00+00:00,US Diplomatic Post: New Delhi-8118,136.0,33.02,68.83,0.35,1.24,1.64
2025-02-04 01:30:00+00:00,US Diplomatic Post: New Delhi-8118,114.0,30.18,45.91,0.25,0.59,-0.38
2025-02-03 12:30:00+00:00,US Diplomatic Post: New Delhi-8118,70.0,33.19,47.34,0.04,1.28,-0.25
2025-02-03 16:30:00+00:00,US Diplomatic Post: New Delhi-8118,106.0,26.53,52.06,0.21,-0.25,0.16
2025-02-03 19:30:00+00:00,US Diplomatic Post: New Delhi-8118,132.0,23.68,55.16,0.33,-0.9,0.44
2025-02-03 23:30:00+00:00,US Diplomatic Post: New Delhi-8118,101.0,28.29,54.69,0.19,0.16,0.4
2025-02-04 03:30:00+00:00,US Diplomatic Post: New Delhi-8118,148.0,32.44,49.19,0.41,1.11,-0.09
2025-02-15 14:30:00+00:00,US Diplomatic Post: New Delhi-8118,63.0,20.61,55.29,0.01,-1.6,0.45
2025-02-15 18:30:00+00:00,US Diplomatic Post: New Delhi-8118,126.0,34.89,36.71,0.3,1.67,-1.19
2025-02-15 21:30:00+00:00,US Diplomatic Post: New Delhi-8118,231.0,27.65,61.41,0.79,0.01,0.99
2025-02-16 01:30:00+00:00,US Diplomatic Post: New Delhi-8118,254.0,32.29,52.49,0.9,1.08,0.2
2025-02-16 05:30:00+00:00,US Diplomatic Post: New Delhi-8118,164.0,23.39,59.95,0.48,-0.97,0.86
2025-02-26 04:30:00+00:00,US Diplomatic Post: New Delhi-8118,222.0,33.19,48.29,0.75,1.28,-0.17
2025-02-26 08:30:00+00:00,US Diplomatic Post: New Delhi-8118,89.0,21.47,49.44,0.13,-1.41,-0.07
2025-02-26 12:30:00+00:00,US Diplomatic Post: New Delhi-8118,64.0,21.56,34.05,0.02,-1.39,-1.42
2025-02-26 16:30:00+00:00,US Diplomatic Post: New Delhi-8118,120.0,20.44,58.43,0.28,-1.64,0.72
2025-02-26 19:30:00+00:00,US Diplomatic Post: New Delhi-8118,119.0,21.39,43.15,0.27,-1.42,-0.62
2025-02-08 05:30:00+00:00,US Diplomatic Post: New Delhi-8118,69.0,24.17,57.54,0.04,-0.79,0.65
2025-02-08 09:30:00+00:00,US Diplomatic Post: New Delhi-8118,34.0,29.17,67.24,-0.12,0.36,1.5
2025-02-08 13:30:00+00:00,US Diplomatic Post: New Delhi-8118,83.0,23.46,37.96,0.1,-0.95,-1.08
2025-02-08 17:30:00+00:00,US Diplomatic Post: New Delhi-8118,100.0,26.52,36.28,0.18,-0.25,-1.23
2025-02-08 20:30:00+00:00,US Diplomatic Post: New Delhi-8118,131.0,33.32,45.24,0.33,1.31,-0.44
2025-02-08 06:30:00+00:00,US Diplomatic Post: New Delhi-8118,67.0,27.0,37.29,0.03,-0.14,-1.14
2025-02-08 10:30:00+00:00,US Diplomatic Post: New Delhi-8118,37.0,21.76,65.75,-0.11,-1.34,1.37
2025-02-08 14:30:00+00:00,US Diplomatic Post: New Delhi-8118,107.0,29.42,39.82,0.22,0.42,-0.91
2025-02-08 18:30:00+00:00,US Diplomatic Post: New Delhi-8118,114.0,32.58,49.89,0.25,1.14,-0.03
2025-02-08 21:30:00+00:00,US Diplomatic Post: New Delhi-8118,166.0,31.12,53.43,0.49,0.81,0.28
2025-02-11 08:30:00+00:00,US Diplomatic Post: New Delhi-8118,66.0,26.96,30.43,0.03,-0.15,-1.74
2025-02-11 12:30:00+00:00,US Diplomatic Post: New Delhi-8118,67.0,20.12,68.11,0.03,-1.72,1.58
2025-02-11 16:30:00+00:00,US Diplomatic Post: New Delhi-8118,104.0,25.31,53.52,0.2,-0.53,0.29
2025-02-11 19:30:00+00:00,US Diplomatic Post: New Delhi-8118,112.0,30.48,38.11,0.24,0.66,-1.06
2025-02-11 23:30:00+00:00,US Diplomatic Post: New Delhi-8118,153.0,30.61,58.5,0.43,0.69,0.73
2025-02-14 18:30:00+00:00,US Diplomatic Post: New Delhi-8118,109.0,27.63,55.97,0.22,0.01,0.51
2025-02-14 21:30:00+00:00,US Diplomatic Post: New Delhi-8118,103.0,21.84,68.05,0.2,-1.32,1.57
2025-02-15 01:30:00+00:00,US Diplomatic Post: New Delhi-8118,93.0,34.7,69.63,0.15,1.63,1.71
2025-02-15 05:30:00+00:00,US Diplomatic Post: New Delhi-8118,102.0,27.72,58.94,0.19,0.03,0.77
2025-02-15 09:30:00+00:00,US Diplomatic Post: New Delhi-8118,64.0,26.92,47.95,0.02,-0.16,-0.2
2025-02-15 13:30:00+00:00,US Diplomatic Post: New Delhi-8118,62.0,22.84,59.94,0.01,-1.09,0.86
2025-02-15 17:30:00+00:00,US Diplomatic Post: New Delhi-8118,108.0,22.08,39.5,0.22,-1.27,-0.94
2025-02-15 20:30:00+00:00,US Diplomatic Post: New Delhi-8118,175.0,28.01,32.89,0.53,0.09,-1.52
2025-02-16 00:30:00+00:00,US Diplomatic Post: New Delhi-8118,251.0,22.2,30.98,0.88,-1.24,-1.69
2025-02-16 04:30:00+00:00,US Diplomatic Post: New Delhi-8118,231.0,28.81,43.03,0.79,0.28,-0.63
2025-02-17 02:30:00+00:00,US Diplomatic Post: New Delhi-8118,120.0,21.38,50.97,0.28,-1.43,0.07
2025-02-17 06:30:00+00:00,US Diplomatic Post: New Delhi-8118,61.0,22.18,56.79,0.0,-1.24,0.58
2025-02-17 10:30:00+00:00,US Diplomatic Post: New Delhi-8118,60.0,21.19,48.29,-0.0,-1.47,-0.17
2025-02-17 14:30:00+00:00,US Diplomatic Post: New Delhi-8118,74.0,23.77,41.34,0.06,-0.88,-0.78
2025-02-17 18:30:00+00:00,US Diplomatic Post: New Delhi-8118,116.0,21.75,51.55,0.26,-1.34,0.12
2025-02-17 04:30:00+00:00,US Diplomatic Post: New Delhi-8118,123.0,23.62,43.5,0.29,-0.91,-0.59
2025-02-17 08:30:00+00:00,US Diplomatic Post: New Delhi-8118,55.0,31.38,44.19,-0.02,0.87,-0.53
2025-02-17 12:30:00+00:00,US Diplomatic Post: New Delhi-8118,65.0,21.04,63.45,0.02,-1.5,1.17
2025-02-17 16:30:00+00:00,US Diplomatic Post: New Delhi-8118,111.0,31.17,58.77,0.23,0.82,0.75
2025-02-17 19:30:00+00:00,US Diplomatic Post: New Delhi-8118,129.0,28.53,65.44,0.32,0.21,1.34
2025-02-22 23:30:00+00:00,US Diplomatic Post: New Delhi-8118,106.0,32.22,49.4,0.21,1.06,-0.07
2025-02-23 03:30:00+00:00,US Diplomatic Post: New Delhi-8118,89.0,27.75,34.42,0.13,0.03,-1.39
2025-02-23 07:30:00+00:00,US Diplomatic Post: New Delhi-8118,47.0,33.79,55.77,-0.06,1.42,0.49
2025-02-23 11:30:00+00:00,US Diplomatic Post: New Delhi-8118,37.0,32.91,52.52,-0.11,1.22,0.2
2025-02-23 15:30:00+00:00,US Diplomatic Post: New Delhi-8118,-999.0,24.69,58.09,-4.9,-0.67,0.69
2025-02-24 12:30:00+00:00,US Diplomatic Post: New Delhi-8118,44.0,23.56,64.61,-0.08,-0.93,1.27
2025-02-24 16:30:00+00:00,US Diplomatic Post: New Delhi-8118,74.0,33.95,53.27,0.06,1.46,0.27
2025-02-24 19:30:00+00:00,US Diplomatic Post: New Delhi-8118,119.0,33.25,50.34,0.27,1.3,0.01
2025-02-24 23:30:00+00:00,US Diplomatic Post: New Delhi-8118,116.0,29.8,52.32,0.26,0.5,0.19
2025-02-25 03:30:00+00:00,US Diplomatic Post: New Delhi-8118,104.0,23.39,47.52,0.2,-0.97,-0.24
2025-02-26 02:30:00+00:00,US Diplomatic Post: New Delhi-8118,103.0,30.7,42.72,0.2,0.71,-0.66
2025-02-26 06:30:00+00:00,US Diplomatic Post: New Delhi-8118,109.0,30.53,31.9,0.22,0.67,-1.61
2025-02-26 10:30:00+00:00,US Diplomatic Post: New Delhi-8118,58.0,31.58,30.22,-0.01,0.91,-1.76
2025-02-26 14:30:00+00:00,US Diplomatic Post: New Delhi-8118,105.0,24.18,31.28,0.21,-0.78,-1.67
2025-02-26 18:30:00+00:00,US Diplomatic Post: New Delhi-8118,116.0,28.86,38.36,0.26,0.29,-1.04
2025-02-27 21:30:00+00:00,US Diplomatic Post: New Delhi-8118,47.0,32.18,59.47,-0.06,1.05,0.82
2025-02-28 01:30:00+00:00,US Diplomatic Post: New Delhi-8118,-999.0,28.48,50.64,-4.9,0.2,0.04
2025-02-28 05:30:00+00:00,US Diplomatic Post: New Delhi-8118,63.0,31.42,42.79,0.01,0.88,-0.65
2025-02-28 09:30:00+00:00,US Diplomatic Post: New Delhi-8118,49.0,22.82,58.51,-0.05,-1.1,0.73
2025-02-28 13:30:00+00:00,US Diplomatic Post: New Delhi-8118,43.0,29.91,35.91,-0.08,0.53,-1.26
2025-02-14 17:30:00+00:00,US Diplomatic Post: New Delhi-8118,110.0,30.3,65.72,0.23,0.62,1.37
2025-02-14 20:30:00+00:00,US Diplomatic Post: New Delhi-8118,107.0,23.45,55.01,0.22,-0.95,0.42
2025-02-15 00:30:00+00:00,US Diplomatic Post: New Delhi-8118,85.0,26.49,58.45,0.11,-0.25,0.73
2025-02-15 04:30:00+00:00,US Diplomatic Post: New Delhi-8118,89.0,21.06,47.31,0.13,-1.5,-0.25
2025-02-15 08:30:00+00:00,US Diplomatic Post: New Delhi-8118,62.0,27.94,54.49,0.01,0.08,0.38
2025-02-14 19:30:00+00:00,US Diplomatic Post: New Delhi-8118,104.0,27.94,40.19,0.2,0.08,-0.88
2025-02-14 23:30:00+00:00,US Diplomatic Post: New Delhi-8118,91.0,32.55,65.25,0.14,1.14,1.32
2025-02-15 03:30:00+00:00,US Diplomatic Post: New Delhi-8118,102.0,25.0,55.47,0.19,-0.6,0.46
2025-02-15 07:30:00+00:00,US Diplomatic Post: New Delhi-8118,61.0,33.28,52.09,0.0,1.3,0.17
2025-02-15 11:30:00+00:00,US Diplomatic Post: New Delhi-8118,63.0,26.71,50.67,0.01,-0.2,0.04
2025-02-16 08:30:00+00:00,US Diplomatic Post: New Delhi-8118,77.0,33.62,56.8,0.08,1.38,0.58
2025-02-16 12:30:00+00:00,US Diplomatic Post: New Delhi-8118,47.0,26.6,43.62,-0.06,-0.23,-0.58
2025-02-16 16:30:00+00:00,US Diplomatic Post: New Delhi-8118,110.0,25.82,38.35,0.23,-0.41,-1.04
2025-02-16 19:30:00+00:00,US Diplomatic Post: New Delhi-8118,111.0,20.24,55.62,0.23,-1.69,0.48
2025-02-16 23:30:00+00:00,US Diplomatic Post: New Delhi-8118,103.0,32.59,66.86,0.2,1.14,1.47
2025-02-19 20:30:00+00:00,US Diplomatic Post: New Delhi-8118,50.0,33.32,60.65,-0.05,1.31,0.92
2025-02-20 00:30:00+00:00,US Diplomatic Post: New Delhi-8118,40.0,23.54,39.49,-0.09,-0.93,-0.94
2025-02-20 04:30:00+00:00,US Diplomatic Post: New Delhi-8118,104.0,20.47,38.41,0.2,-1.64,-1.04
2025-02-20 08:30:00+00:00,US Diplomatic Post: New Delhi-8118,32.0,23.77,58.74,-0.13,-0.88,0.75
2025-02-20 12:30:00+00:00,US Diplomatic Post: New Delhi-8118,38.0,26.73,60.37,-0.1,-0.2,0.9
2025-02-19 21:30:00+00:00,US Diplomatic Post: New Delhi-8118,38.0,28.89,45.15,-0.1,0.3,-0.44
2025-02-20 01:30:00+00:00,US Diplomatic Post: New Delhi-8118,44.0,31.11,54.31,-0.08,0.81,0.36
2025-02-20 05:30:00+00:00,US Diplomatic Post: New Delhi-8118,101.0,32.02,67.78,0.19,1.01,1.55
2025-02-20 09:30:00+00:00,US Diplomatic Post: New Delhi-8118,41.0,25.32,52.62,-0.09,-0.52,0.21
2025-02-20 13:30:00+00:00,US Diplomatic Post: New Delhi-8118,36.0,33.26,46.96,-0.11,1.3,-0.29
2025-02-20 17:30:00+00:00,US Diplomatic Post: New Delhi-8118,82.0,27.53,39.33,0.1,-0.02,-0.96
2025-02-20 20:30:00+00:00,US Diplomatic Post: New Delhi-8118,80.0,29.83,67.86,0.09,0.51,1.55
2025-02-21 00:30:00+00:00,US Diplomatic Post: New Delhi-8118,61.0,31.82,57.38,0.0,0.97,0.63
2025-02-21 04:30:00+00:00,US Diplomatic Post: New Delhi-8118,96.0,33.89,33.32,0.16,1.44,-1.49
2025-02-21 08:30:00+00:00,US Diplomatic Post: New Delhi-8118,118.0,23.69,44.97,0.27,-0.9,-0.46
2025-02-23 18:30:00+00:00,US Diplomatic Post: New Delhi-8118,97.0,20.89,65.9,0.17,-1.54,1.38
2025-02-23 21:30:00+00:00,US Diplomatic Post: New Delhi-8118,102.0,29.96,30.01,0.19,0.54,-1.78
2025-02-24 01:30:00+00:00,US Diplomatic Post: New Delhi-8118,135.0,20.64,54.65,0.35,-1.6,0.39
2025-02-24 05:30:00+00:00,US Diplomatic Post: New Delhi-8118,90.0,33.61,59.62,0.14,1.38,0.83
2025-02-24 09:30:00+00:00,US Diplomatic Post: New Delhi-8118,41.0,29.77,38.77,-0.09,0.5,-1.01
2025-02-24 13:30:00+00:00,US Diplomatic Post: New Delhi-8118,48.0,26.69,57.99,-0.06,-0.21,0.69
2025-02-24 17:30:00+00:00,US Diplomatic Post: New Delhi-8118,82.0,25.8,59.2,0.1,-0.41,0.79
2025-02-24 20:30:00+00:00,US Diplomatic Post: New Delhi-8118,114.0,23.02,41.47,0.25,-1.05,-0.77
2025-02-25 00:30:00+00:00,US Diplomatic Post: New Delhi-8118,129.0,24.22,45.83,0.32,-0.78,-0.38
2025-02-25 04:30:00+00:00,US Diplomatic Post: New Delhi-8118,111.0,28.79,58.73,0.23,0.27,0.75
2025-02-26 01:30:00+00:00,US Diplomatic Post: New Delhi-8118,99.0,23.13,63.7,0.18,-1.03,1.19
2025-02-26 05:30:00+00:00,US Diplomatic Post: New Delhi-8118,181.0,31.76,43.04,0.56,0.95,-0.63
2025-02-26 09:30:00+00:00,US Diplomatic Post: New Delhi-8118,72.0,20.29,39.85,0.05,-1.68,-0.91
2025-02-26 13:30:00+00:00,US Diplomatic Post: New Delhi-8118,78.0,26.18,34.99,0.08,-0.33,-1.34
2025-02-26 17:30:00+00:00,US Diplomatic Post: New Delhi-8118,126.0,24.05,62.35,0.3,-0.81,1.07
2025-02-27 20:30:00+00:00,US Diplomatic Post: New Delhi-8118,39.0,34.72,35.17,-0.1,1.63,-1.32
2025-02-28 00:30:00+00:00,US Diplomatic Post: New Delhi-8118,-999.0,22.98,45.15,-4.9,-1.06,-0.44
2025-02-28 04:30:00+00:00,US Diplomatic Post: New Delhi-8118,67.0,34.14,43.25,0.03,1.5,-0.61
2025-02-28 08:30:00+00:00,US Diplomatic Post: New Delhi-8118,46.0,20.19,56.63,-0.07,-1.7,0.57
2025-02-28 12:30:00+00:00,US Diplomatic Post: New Delhi-8118,47.0,25.28,55.0,-0.06,-0.53,0.42
2025-02-27 22:30:00+00:00,US Diplomatic Post: New Delhi-8118,39.0,32.83,45.5,-0.1,1.2,-0.41
2025-02-28 02:30:00+00:00,US Diplomatic Post: New Delhi-8118,-999.0,27.59,42.74,-4.9,-0.0,-0.66
2025-02-28 06:30:00+00:00,US Diplomatic Post: New Delhi-8118,58.0,21.94,39.55,-0.01,-1.3,-0.94
2025-02-28 10:30:00+00:00,US Diplomatic Post: New Delhi-8118,55.0,33.47,64.11,-0.02,1.35,1.22
2025-02-28 14:30:00+00:00,US Diplomatic Post: New Delhi-8118,52.0,33.08,43.47,-0.04,1.26,-0.59
2025-02-08 04:30:00+00:00,US Diplomatic Post: New Delhi-8118,82.0,22.2,69.55,0.1,-1.24,1.7
2025-02-08 08:30:00+00:00,US Diplomatic Post: New Delhi-8118,53.0,20.58,44.17,-0.03,-1.61,-0.53
2025-02-08 12:30:00+00:00,US Diplomatic Post: New Delhi-8118,38.0,26.77,37.85,-0.1,-0.19,-1.09
2025-02-08 16:30:00+00:00,US Diplomatic Post: New Delhi-8118,98.0,27.27,49.56,0.17,-0.08,-0.06
2025-02-08 19:30:00+00:00,US Diplomatic Post: New Delhi-8118,122.0,33.42,39.91,0.28,1.34,-0.91
2025-02-12 04:30:00+00:00,US Diplomatic Post: New Delhi-8118,68.0,26.18,49.36,0.04,-0.33,-0.07
2025-02-12 08:30:00+00:00,US Diplomatic Post: New Delhi-8118,27.0,31.84,31.06,-0.15,0.97,-1.68
2025-02-12 12:30:00+00:00,US Diplomatic Post: New Delhi-8118,27.0,24.57,43.39,-0.15,-0.69,-0.6
2025-02-12 16:30:00+00:00,US Diplomatic Post: New Delhi-8118,76.0,24.55,48.47,0.07,-0.7,-0.15
2025-02-12 19:30:00+00:00,US Diplomatic Post: New Delhi-8118,67.0,34.88,41.47,0.03,1.67,-0.77
2025-02-13 21:30:00+00:00,US Diplomatic Post: New Delhi-8118,61.0,27.07,43.37,0.0,-0.12,-0.6
2025-02-14 01:30:00+00:00,US Diplomatic Post: New Delhi-8118,68.0,25.51,53.11,0.04,-0.48,0.26
2025-02-14 05:30:00+00:00,US Diplomatic Post: New Delhi-8118,64.0,24.18,44.23,0.02,-0.78,-0.53
2025-02-14 09:30:00+00:00,US Diplomatic Post: New Delhi-8118,47.0,32.63,55.84,-0.06,1.15,0.5
2025-02-14 13:30:00+00:00,US Diplomatic Post: New Delhi-8118,48.0,28.07,68.34,-0.06,0.11,1.6
2025-02-16 09:30:00+00:00,US Diplomatic Post: New Delhi-8118,64.0,23.17,43.43,0.02,-1.02,-0.6
2025-02-16 13:30:00+00:00,US Diplomatic Post: New Delhi-8118,61.0,25.97,68.54,0.0,-0.37,1.61
2025-02-16 17:30:00+00:00,US Diplomatic Post: New Delhi-8118,120.0,23.9,30.04,0.28,-0.85,-1.77
2025-02-16 20:30:00+00:00,US Diplomatic Post: New Delhi-8118,116.0,22.11,60.8,0.26,-1.26,0.93
2025-02-17 00:30:00+00:00,US Diplomatic Post: New Delhi-8118,99.0,27.38,53.17,0.18,-0.05,0.26
2025-02-18 00:30:00+00:00,US Diplomatic Post: New Delhi-8118,88.0,29.42,36.86,0.13,0.42,-1.17
2025-02-18 04:30:00+00:00,US Diplomatic Post: New Delhi-8118,162.0,24.72,59.2,0.47,-0.66,0.79
2025-02-18 08:30:00+00:00,US Diplomatic Post: New Delhi-8118,27.0,20.22,34.22,-0.15,-1.69,-1.41
2025-02-18 12:30:00+00:00,US Diplomatic Post: New Delhi-8118,32.0,22.29,36.52,-0.13,-1.22,-1.2
2025-02-18 16:30:00+00:00,US Diplomatic Post: New Delhi-8118,96.0,28.18,48.74,0.16,0.13,-0.13
2025-02-20 16:30:00+00:00,US Diplomatic Post: New Delhi-8118,66.0,26.69,62.87,0.03,-0.21,1.12
2025-02-20 19:30:00+00:00,US Diplomatic Post: New Delhi-8118,75.0,22.82,62.49,0.07,-1.1,1.08
2025-02-20 23:30:00+00:00,US Diplomatic Post: New Delhi-8118,69.0,21.51,65.43,0.04,-1.4,1.34
2025-02-21 03:30:00+00:00,US Diplomatic Post: New Delhi-8118,110.0,24.63,51.66,0.23,-0.68,0.13
2025-02-21 07:30:00+00:00,US Diplomatic Post: New Delhi-8118,68.0,20.24,30.8,0.04,-1.69,-1.71
2025-02-25 08:30:00+00:00,US Diplomatic Post: New Delhi-8118,69.0,31.11,52.98,0.04,0.81,0.24
2025-02-25 12:30:00+00:00,US Diplomatic Post: New Delhi-8118,47.0,20.67,44.36,-0.06,-1.59,-0.51
2025-02-25 16:30:00+00:00,US Diplomatic Post: New Delhi-8118,73.0,28.83,37.55,0.06,0.28,-1.11
2025-02-25 19:30:00+00:00,US Diplomatic Post: New Delhi-8118,88.0,21.18,47.11,0.13,-1.47,-0.27
2025-02-25 23:30:00+00:00,US Diplomatic Post: New Delhi-8118,97.0,23.93,60.47,0.17,-0.84,0.9
2025-02-27 19:30:00+00:00,US Diplomatic Post: New Delhi-8118,52.0,30.63,66.87,-0.04,0.7,1.47
2025-02-27 23:30:00+00:00,US Diplomatic Post: New Delhi-8118,43.0,21.25,60.44,-0.08,-1.46,0.9
2025-02-28 03:30:00+00:00,US Diplomatic Post: New Delhi-8118,77.0,33.87,46.43,0.08,1.44,-0.33
2025-02-28 07:30:00+00:00,US Diplomatic Post: New Delhi-8118,57.0,26.29,46.49,-0.02,-0.3,-0.33
2025-02-28 11:30:00+00:00,US Diplomatic Post: New Delhi-8118,55.0,29.74,63.89,-0.02,0.49,1.2
2025-02-07 09:30:00+00:00,US Diplomatic Post: New Delhi-8118,42.0,26.3,60.35,-0.09,-0.3,0.89
2025-02-07 13:30:00+00:00,US Diplomatic Post: New Delhi-8118,44.0,21.76,61.75,-0.08,-1.34,1.02
2025-02-07 17:30:00+00:00,US Diplomatic Post: New Delhi-8118,65.0,24.12,58.18,0.02,-0.8,0.7
2025-02-07 20:30:00+00:00,US Diplomatic Post: New Delhi-8118,91.0,24.99,50.57,0.14,-0.6,0.03
2025-02-08 00:30:00+00:00,US Diplomatic Post: New Delhi-8118,83.0,28.03,34.16,0.1,0.1,-1.41
2025-02-07 10:30:00+00:00,US Diplomatic Post: New Delhi-8118,41.0,24.62,39.69,-0.09,-0.68,-0.93
2025-02-07 14:30:00+00:00,US Diplomatic Post: New Delhi-8118,71.0,31.6,53.38,0.05,0.92,0.28
2025-02-07 18:30:00+00:00,US Diplomatic Post: New Delhi-8118,82.0,28.29,36.13,0.1,0.16,-1.24
2025-02-07 21:30:00+00:00,US Diplomatic Post: New Delhi-8118,69.0,20.55,56.45,0.04,-1.62,0.55
2025-02-08 01:30:00+00:00,US Diplomatic Post: New Delhi-8118,89.0,34.05,64.31,0.13,1.48,1.24
2025-02-12 05:30:00+00:00,US Diplomatic Post: New Delhi-8118,66.0,25.82,68.62,0.03,-0.41,1.62
2025-02-12 09:30:00+00:00,US Diplomatic Post: New Delhi-8118,25.0,29.9,49.67,-0.16,0.53,-0.05
2025-02-12 13:30:00+00:00,US Diplomatic Post: New Delhi-8118,36.0,33.44,38.05,-0.11,1.34,-1.07
2025-02-12 17:30:00+00:00,US Diplomatic Post: New Delhi-8118,70.0,28.31,54.53,0.04,0.16,0.38
2025-02-12 20:30:00+00:00,US Diplomatic Post: New Delhi-8118,66.0,27.11,52.44,0.03,-0.11,0.2
2025-02-12 06:30:00+00:00,US Diplomatic Post: New Delhi-8118,48.0,28.04,59.53,-0.06,0.1,0.82
2025-02-12 10:30:00+00:00,US Diplomatic Post: New Delhi-8118,29.0,29.44,66.51,-0.15,0.42,1.44
2025-02-12 14:30:00+00:00,US Diplomatic Post: New Delhi-8118,59.0,20.49,47.16,-0.01,-1.63,-0.27
2025-02-12 18:30:00+00:00,US Diplomatic Post: New Delhi-8118,70.0,34.58,44.81,0.04,1.6,-0.47
2025-02-12 21:30:00+00:00,US Diplomatic Post: New Delhi-8118,69.0,32.17,53.1,0.04,1.05,0.26
2025-02-12 23:30:00+00:00,US Diplomatic Post: New Delhi-8118,78.0,25.49,49.97,0.08,-0.48,-0.02
2025-02-13 03:30:00+00:00,US Diplomatic Post: New Delhi-8118,74.0,29.31,40.74,0.06,0.39,-0.83
2025-02-13 07:30:00+00:00,US Diplomatic Post: New Delhi-8118,44.0,29.14,61.46,-0.08,0.35,0.99
2025-02-13 11:30:00+00:00,US Diplomatic Post: New Delhi-8118,29.0,26.63,44.91,-0.15,-0.22,-0.47
2025-02-13 15:30:00+00:00,US Diplomatic Post: New Delhi-8118,59.0,20.4,50.21,-0.01,-1.65,0.0
2025-02-15 12:30:00+00:00,US Diplomatic Post: New Delhi-8118,56.0,34.09,45.9,-0.02,1.49,-0.38
2025-02-15 16:30:00+00:00,US Diplomatic Post: New Delhi-8118,93.0,32.78,68.59,0.15,1.19,1.62
2025-02-15 19:30:00+00:00,US Diplomatic Post: New Delhi-8118,140.0,20.9,69.43,0.37,-1.54,1.69
2025-02-15 23:30:00+00:00,US Diplomatic Post: New Delhi-8118,253.0,29.9,36.56,0.89,0.53,-1.2
2025-02-16 03:30:00+00:00,US Diplomatic Post: New Delhi-8118,265.0,31.7,56.12,0.95,0.94,0.52
2025-02-23 00:30:00+00:00,US Diplomatic Post: New Delhi-8118,91.0,24.68,49.85,0.14,-0.67,-0.03
2025-02-23 04:30:00+00:00,US Diplomatic Post: New Delhi-8118,87.0,24.42,47.26,0.12,-0.73,-0.26
2025-02-23 08:30:00+00:00,US Diplomatic Post: New Delhi-8118,41.0,34.53,64.81,-0.09,1.59,1.29
2025-02-23 12:30:00+00:00,US Diplomatic Post: New Delhi-8118,37.0,24.07,32.71,-0.11,-0.81,-1.54
2025-02-23 16:30:00+00:00,US Diplomatic Post: New Delhi-8118,81.0,30.3,54.56,0.1,0.62,0.38
2025-02-23 01:30:00+00:00,US Diplomatic Post: New Delhi-8118,78.0,31.45,43.98,0.08,0.88,-0.55
2025-02-23 05:30:00+00:00,US Diplomatic Post: New Delhi-8118,62.0,26.96,38.94,0.01,-0.15,-0.99
2025-02-23 09:30:00+00:00,US Diplomatic Post: New Delhi-8118,41.0,32.85,60.58,-0.09,1.2,0.91
2025-02-23 13:30:00+00:00,US Diplomatic Post: New Delhi-8118,38.0,22.8,44.72,-0.1,-1.1,-0.48
2025-02-23 17:30:00+00:00,US Diplomatic Post: New Delhi-8118,85.0,31.42,33.95,0.11,0.88,-1.43
2025-02-25 06:30:00+00:00,US Diplomatic Post: New Delhi-8118,78.0,34.09,47.35,0.08,1.49,-0.25
2025-02-25 10:30:00+00:00,US Diplomatic Post: New Delhi-8118,52.0,33.5,58.32,-0.04,1.35,0.71
2025-02-25 14:30:00+00:00,US Diplomatic Post: New Delhi-8118,54.0,31.95,43.4,-0.03,1.0,-0.6
2025-02-25 18:30:00+00:00,US Diplomatic Post: New Delhi-8118,96.0,29.36,44.55,0.16,0.4,-0.5
2025-02-25 21:30:00+00:00,US Diplomatic Post: New Delhi-8118,105.0,28.01,57.93,0.21,0.09,0.68
2025-02-13 00:30:00+00:00,US Diplomatic Post: New Delhi-8118,68.0,30.89,64.4,0.04,0.75,1.25
2025-02-13 04:30:00+00:00,US Diplomatic Post: New Delhi-8118,69.0,27.95,38.36,0.04,0.08,-1.04
2025-02-13 08:30:00+00:00,US Diplomatic Post: New Delhi-8118,34.0,25.74,33.61,-0.12,-0.43,-1.46
2025-02-13 12:30:00+00:00,US Diplomatic Post: New Delhi-8118,24.0,31.61,48.8,-0.17,0.92,-0.12
2025-02-13 16:30:00+00:00,US Diplomatic Post: New Delhi-8118,64.0,26.69,34.76,0.02,-0.21,-1.36
2025-02-13 01:30:00+00:00,US Diplomatic Post: New Delhi-8118,77.0,34.82,36.29,0.08,1.66,-1.22
2025-02-13 05:30:00+00:00,US Diplomatic Post: New Delhi-8118,56.0,28.02,38.51,-0.02,0.1,-1.03
2025-02-13 09:30:00+00:00,US Diplomatic Post: New Delhi-8118,31.0,26.3,52.34,-0.14,-0.3,0.19
2025-02-13 13:30:00+00:00,US Diplomatic Post: New Delhi-8118,35.0,22.4,63.62,-0.12,-1.19,1.18
2025-02-13 17:30:00+00:00,US Diplomatic Post: New Delhi-8118,55.0,29.47,37.37,-0.02,0.43,-1.13
2025-02-17 23:30:00+00:00,US Diplomatic Post: New Delhi-8118,83.0,27.87,35.63,0.1,0.06,-1.28
2025-02-18 03:30:00+00:00,US Diplomatic Post: New Delhi-8118,136.0,33.84,35.06,0.35,1.43,-1.33
2025-02-18 07:30:00+00:00,US Diplomatic Post: New Delhi-8118,57.0,27.77,30.7,-0.02,0.04,-1.72
2025-02-18 11:30:00+00:00,US Diplomatic Post: New Delhi-8118,23.0,27.3,67.17,-0.17,-0.07,1.49
2025-02-18 15:30:00+00:00,US Diplomatic Post: New Delhi-8118,63.0,32.46,54.8,0.01,1.11,0.4
2025-02-19 19:30:00+00:00,US Diplomatic Post: New Delhi-8118,42.0,22.78,64.25,-0.09,-1.11,1.24
2025-02-19 23:30:00+00:00,US Diplomatic Post: New Delhi-8118,37.0,32.71,36.31,-0.11,1.17,-1.22
2025-02-20 03:30:00+00:00,US Diplomatic Post: New Delhi-8118,69.0,32.6,50.73,0.04,1.15,0.05
2025-02-20 07:30:00+00:00,US Diplomatic Post: New Delhi-8118,45.0,20.11,39.61,-0.07,-1.72,-0.93
2025-02-20 11:30:00+00:00,US Diplomatic Post: New Delhi-8118,32.0,26.32,58.5,-0.13,-0.29,0.73
2025-02-21 12:30:00+00:00,US Diplomatic Post: New Delhi-8118,89.0,21.29,69.01,0.13,-1.45,1.66
2025-02-21 16:30:00+00:00,US Diplomatic Post: New Delhi-8118,97.0,34.4,36.04,0.17,1.56,-1.25
2025-02-21 19:30:00+00:00,US Diplomatic Post: New Delhi-8118,73.0,20.59,30.14,0.06,-1.61,-1.77
2025-02-21 23:30:00+00:00,US Diplomatic Post: New Delhi-8118,77.0,20.53,65.4,0.08,-1.62,1.34
2025-02-22 03:30:00+00:00,US Diplomatic Post: New Delhi-8118,74.0,22.15,37.05,0.06,-1.25,-1.16
2025-02-22 06:30:00+00:00,US Diplomatic Post: New Delhi-8118,69.0,20.4,67.22,0.04,-1.65,1.5
2025-02-22 10:30:00+00:00,US Diplomatic Post: New Delhi-8118,28.0,20.9,64.93,-0.15,-1.54,1.3
2025-02-22 14:30:00+00:00,US Diplomatic Post: New Delhi-8118,56.0,27.95,56.61,-0.02,0.08,0.56
2025-02-22 18:30:00+00:00,US Diplomatic Post: New Delhi-8118,65.0,20.99,58.22,0.02,-1.52,0.71
2025-02-22 21:30:00+00:00,US Diplomatic Post: New Delhi-8118,73.0,34.24,46.73,0.06,1.52,-0.31
2025-02-19 22:30:00+00:00,US Diplomatic Post: New Delhi-8118,39.0,25.4,59.4,-0.1,-0.5,0.81
2025-02-20 02:30:00+00:00,US Diplomatic Post: New Delhi-8118,49.0,27.9,50.77,-0.05,0.07,0.05
2025-02-20 06:30:00+00:00,US Diplomatic Post: New Delhi-8118,62.0,21.31,58.56,0.01,-1.44,0.74
2025-02-20 10:30:00+00:00,US Diplomatic Post: New Delhi-8118,32.0,20.46,50.79,-0.13,-1.64,0.05
2025-02-20 14:30:00+00:00,US Diplomatic Post: New Delhi-8118,56.0,24.68,38.27,-0.02,-0.67,-1.05
2025-02-21 10:30:00+00:00,US Diplomatic Post: New Delhi-8118,94.0,26.67,67.17,0.16,-0.21,1.49
2025-02-21 14:30:00+00:00,US Diplomatic Post: New Delhi-8118,96.0,26.0,38.7,0.16,-0.37,-1.01
2025-02-21 18:30:00+00:00,US Diplomatic Post: New Delhi-8118,76.0,34.34,35.2,0.07,1.55,-1.32
2025-02-21 21:30:00+00:00,US Diplomatic Post: New Delhi-8118,72.0,27.93,58.63,0.05,0.08,0.74
2025-02-22 01:30:00+00:00,US Diplomatic Post: New Delhi-8118,68.0,22.61,69.32,0.04,-1.14,1.68
2025-02-22 05:30:00+00:00,US Diplomatic Post: New Delhi-8118,73.0,29.15,54.07,0.06,0.36,0.34
2025-02-22 09:30:00+00:00,US Diplomatic Post: New Delhi-8118,43.0,23.82,58.47,-0.08,-0.87,0.73
2025-02-22 13:30:00+00:00,US Diplomatic Post: New Delhi-8118,44.0,31.63,41.0,-0.08,0.92,-0.81
2025-02-22 17:30:00+00:00,US Diplomatic Post: New Delhi-8118,74.0,33.8,33.18,0.06,1.42,-1.5
2025-02-22 20:30:00+00:00,US Diplomatic Post: New Delhi-8118,65.0,28.7,66.46,0.02,0.25,1.43
2025-01-20 19:30:00+00:00,New Delhi-8118,167.0,34.64,50.81,0.49,1.61,0.05
2025-01-20 23:30:00+00:00,New Delhi-8118,148.0,28.6,45.78,0.41,0.23,-0.39
2025-01-21 03:30:00+00:00,New Delhi-8118,145.0,31.2,68.02,0.39,0.83,1.57
2025-01-21 07:30:00+00:00,New Delhi-8118,142.0,26.38,32.13,0.38,-0.28,-1.59
2025-01-21 11:30:00+00:00,New Delhi-8118,87.0,29.16,56.15,0.12,0.36,0.52
2025-01-21 15:30:00+00:00,New Delhi-8118,176.0,27.1,64.92,0.53,-0.11,1.3
2025-01-20 22:30:00+00:00,New Delhi-8118,150.0,22.65,53.0,0.41,-1.14,0.25
2025-01-21 02:30:00+00:00,New Delhi-8118,150.0,20.11,31.07,0.41,-1.72,-1.68
2025-01-21 06:30:00+00:00,New Delhi-8118,84.0,23.04,57.3,0.11,-1.05,0.62
2025-01-21 10:30:00+00:00,New Delhi-8118,82.0,32.53,37.8,0.1,1.13,-1.09
2025-01-21 14:30:00+00:00,New Delhi-8118,161.0,21.44,49.1,0.47,-1.41,-0.1
2025-01-21 18:30:00+00:00,New Delhi-8118,160.0,24.15,34.1,0.46,-0.79,-1.42
2025-03-10 17:30:00+00:00,New Delhi-8118,105.0,32.34,39.66,0.21,1.09,-0.93
2025-03-10 20:30:00+00:00,New Delhi-8118,118.0,34.13,54.89,0.27,1.5,0.41
2025-03-11 00:30:00+00:00,New Delhi-8118,121.0,33.23,35.97,0.28,1.29,-1.25
2025-03-11 04:30:00+00:00,New Delhi-8118,152.0,32.07,51.47,0.42,1.03,0.11
2025-03-11 09:30:00+00:00,New Delhi-8118,48.0,25.56,33.86,-0.06,-0.47,-1.44
2025-03-11 13:30:00+00:00,New Delhi-8118,64.0,24.82,49.15,0.02,-0.64,-0.09
2025-03-06 19:30:00+00:00,New Delhi-8118,123.0,34.15,63.51,0.29,1.5,1.17
2025-03-06 23:30:00+00:00,New Delhi-8118,100.0,30.97,46.64,0.18,0.77,-0.31
2025-03-07 03:30:00+00:00,New Delhi-8118,190.0,28.53,43.94,0.6,0.21,-0.55
2025-03-07 07:30:00+00:00,New Delhi-8118,64.0,24.13,35.88,0.02,-0.8,-1.26
2025-03-07 11:30:00+00:00,New Delhi-8118,26.0,31.51,53.41,-0.16,0.9,0.28
2025-03-07 15:30:00+00:00,New Delhi-8118,85.0,27.27,48.96,0.11,-0.08,-0.11
2025-03-09 20:30:00+00:00,New Delhi-8118,92.0,33.21,53.48,0.15,1.29,0.29
2025-03-10 00:30:00+00:00,New Delhi-8118,104.0,31.38,60.48,0.2,0.87,0.9
2025-03-10 04:30:00+00:00,New Delhi-8118,122.0,22.58,33.83,0.28,-1.15,-1.44
2025-03-10 08:30:00+00:00,New Delhi-8118,57.0,25.33,49.03,-0.02,-0.52,-0.1
2025-03-10 12:30:00+00:00,New Delhi-8118,56.0,24.98,31.03,-0.02,-0.6,-1.69
2025-03-10 16:30:00+00:00,New Delhi-8118,85.0,33.24,59.26,0.11,1.29,0.8
2025-03-13 20:30:00+00:00,New Delhi-8118,111.0,24.35,58.03,0.23,-0.75,0.69
2025-03-14 00:30:00+00:00,New Delhi-8118,135.0,24.99,54.93,0.35,-0.6,0.42
2025-03-14 04:30:00+00:00,New Delhi-8118,73.0,21.41,30.61,0.06,-1.42,-1.72
2025-03-14 08:30:00+00:00,New Delhi-8118,34.0,21.62,46.64,-0.12,-1.37,-0.31
2025-03-14 12:30:00+00:00,New Delhi-8118,58.0,24.39,34.28,-0.01,-0.74,-1.4
2025-03-14 16:30:00+00:00,New Delhi-8118,44.0,21.91,64.12,-0.08,-1.31,1.23
2025-03-13 00:30:00+00:00,New Delhi-8118,89.0,34.54,49.05,0.13,1.59,-0.1
2025-03-13 05:30:00+00:00,New Delhi-8118,104.0,34.61,38.27,0.2,1.61,-1.05
2025-03-13 09:30:00+00:00,New Delhi-8118,54.0,22.99,49.4,-0.03,-1.06,-0.07
2025-03-13 14:30:00+00:00,New Delhi-8118,89.0,24.89,37.21,0.13,-0.62,-1.14
2025-03-13 11:30:00+00:00,New Delhi-8118,45.0,31.11,39.71,-0.07,0.81,-0.92
2025-03-13 19:30:00+00:00,New Delhi-8118,102.0,33.41,64.69,0.19,1.33,1.28
2025-03-21 15:30:00+00:00,New Delhi-8118,51.0,24.82,60.71,-0.04,-0.64,0.93
2025-03-21 02:30:00+00:00,New Delhi-8118,160.0,24.07,43.87,0.46,-0.81,-0.56
2025-03-21 19:30:00+00:00,New Delhi-8118,60.0,26.34,32.11,-0.0,-0.29,-1.59
2025-03-21 23:30:00+00:00,New Delhi-8118,124.0,26.48,53.31,0.29,-0.26,0.27
2025-03-22 03:30:00+00:00,New Delhi-8118,80.0,29.34,56.35,0.09,0.4,0.54
2025-03-22 07:30:00+00:00,New Delhi-8118,37.0,33.8,58.22,-0.11,1.42,0.71
2025-04-06 20:30:00+00:00,New Delhi-8118,86.0,31.91,52.73,0.12,0.99,0.22
2025-04-07 00:30:00+00:00,New Delhi-8118,97.0,26.69,35.73,0.17,-0.21,-1.27
2025-04-07 04:30:00+00:00,New Delhi-8118,165.0,34.43,47.17,0.48,1.57,-0.27
2025-04-07 08:30:00+00:00,New Delhi-8118,45.0,24.87,33.43,-0.07,-0.63,-1.48
2025-04-07 12:30:00+00:00,New Delhi-8118,46.0,32.23,58.54,-0.07,1.06,0.73
2025-04-07 16:30:00+00:00,New Delhi-8118,81.0,32.41,38.83,0.1,1.1,-1.0
2025-04-07 17:30:00+00:00,New Delhi-8118,87.0,20.33,32.64,0.12,-1.67,-1.55
2025-04-07 20:30:00+00:00,New Delhi-8118,120.0,21.96,31.48,0.28,-1.29,-1.65
2025-04-08 00:30:00+00:00,New Delhi-8118,99.0,29.13,46.12,0.18,0.35,-0.36
2025-04-08 04:30:00+00:00,New Delhi-8118,98.0,30.66,51.24,0.17,0.7,0.09
2025-04-08 08:30:00+00:00,New Delhi-8118,76.0,23.61,46.56,0.07,-0.92,-0.32
2025-04-08 12:30:00+00:00,New Delhi-8118,60.0,20.81,33.81,-0.0,-1.56,-1.44
2025-04-17 12:30:00+00:00,New Delhi-8118,62.0,22.29,62.65,0.01,-1.22,1.1
2025-04-17 16:30:00+00:00,New Delhi-8118,84.0,30.09,52.45,0.11,0.57,0.2
2025-04-17 19:30:00+00:00,New Delhi-8118,81.0,29.06,35.97,0.1,0.33,-1.25
2025-04-17 23:30:00+00:00,New Delhi-8118,59.0,32.58,53.17,-0.01,1.14,0.26
2025-04-18 03:30:00+00:00,New Delhi-8118,80.0,28.83,32.13,0.09,0.28,-1.59
2025-04-18 07:30:00+00:00,New Delhi-8118,106.0,25.44,33.69,0.21,-0.5,-1.45
2025-03-14 17:30:00+00:00,New Delhi-8118,47.0,21.46,57.97,-0.06,-1.41,0.68
2025-03-14 20:30:00+00:00,New Delhi-8118,27.0,25.72,46.88,-0.15,-0.43,-0.29
2025-03-15 00:30:00+00:00,New Delhi-8118,10.0,27.89,51.67,-0.23,0.07,0.13
2025-03-15 04:30:00+00:00,New Delhi-8118,23.0,20.97,55.55,-0.17,-1.52,0.47
2025-03-15 08:30:00+00:00,New Delhi-8118,24.0,26.31,32.15,-0.17,-0.3,-1.59
2025-03-15 12:30:00+00:00,New Delhi-8118,28.0,29.85,68.21,-0.15,0.52,1.59
2025-03-29 06:30:00+00:00,New Delhi-8118,33.0,30.05,36.93,-0.13,0.56,-1.17
2025-03-29 10:30:00+00:00,New Delhi-8118,17.0,29.27,59.77,-0.2,0.38,0.84
2025-03-29 14:30:00+00:00,New Delhi-8118,24.0,29.49,65.15,-0.17,0.43,1.32
2025-03-29 16:30:00+00:00,New Delhi-8118,36.0,20.31,35.77,-0.11,-1.67,-1.27
2025-03-29 21:30:00+00:00,New Delhi-8118,62.0,23.96,38.38,0.01,-0.83,-1.04
2025-03-30 02:30:00+00:00,New Delhi-8118,64.0,21.83,43.81,0.02,-1.32,-0.56
2025-03-30 06:30:00+00:00,New Delhi-8118,19.0,23.94,49.59,-0.19,-0.84,-0.05
2025-03-30 10:30:00+00:00,New Delhi-8118,15.0,28.58,55.0,-0.21,0.22,0.42
2025-03-30 15:30:00+00:00,New Delhi-8118,36.0,26.65,39.46,-0.11,-0.22,-0.95
2025-03-30 05:30:00+00:00,New Delhi-8118,22.0,30.61,53.36,-0.18,0.69,0.28
2025-03-30 19:30:00+00:00,New Delhi-8118,67.0,30.42,38.06,0.03,0.65,-1.07
2025-03-30 23:30:00+00:00,New Delhi-8118,110.0,22.71,34.27,0.23,-1.12,-1.4
2025-04-06 19:30:00+00:00,New Delhi-8118,74.0,28.23,30.66,0.06,0.14,-1.72
2025-04-06 23:30:00+00:00,New Delhi-8118,91.0,20.47,39.57,0.14,-1.64,-0.94
2025-04-07 03:30:00+00:00,New Delhi-8118,190.0,27.44,64.61,0.6,-0.04,1.27
2025-04-07 07:30:00+00:00,New Delhi-8118,54.0,28.99,47.48,-0.03,0.32,-0.24
2025-04-07 11:30:00+00:00,New Delhi-8118,48.0,29.1,68.66,-0.06,0.34,1.62
2025-04-07 15:30:00+00:00,New Delhi-8118,72.0,24.33,31.06,0.05,-0.75,-1.68
2025-04-18 08:30:00+00:00,New Delhi-8118,109.0,23.72,42.45,0.22,-0.89,-0.68
2025-04-18 12:30:00+00:00,New Delhi-8118,63.0,27.55,55.33,0.01,-0.01,0.45
2025-04-18 16:30:00+00:00,New Delhi-8118,73.0,23.96,60.91,0.06,-0.83,0.94
2025-04-18 19:30:00+00:00,New Delhi-8118,33.0,27.11,51.72,-0.13,-0.11,0.13
2025-04-18 23:30:00+00:00,New Delhi-8118,44.0,30.16,35.0,-0.08,0.59,-1.34
2025-04-19 03:30:00+00:00,New Delhi-8118,67.0,21.73,66.31,0.03,-1.35,1.42
2025-03-22 08:30:00+00:00,New Delhi-8118,43.0,24.2,64.44,-0.08,-0.78,1.25
2025-03-22 12:30:00+00:00,New Delhi-8118,28.0,20.81,61.95,-0.15,-1.56,1.03
2025-03-22 16:30:00+00:00,New Delhi-8118,75.0,22.13,37.37,0.07,-1.25,-1.13
2025-03-22 19:30:00+00:00,New Delhi-8118,77.0,22.77,69.42,0.08,-1.11,1.69
2025-03-22 23:30:00+00:00,New Delhi-8118,80.0,28.94,44.03,0.09,0.31,-0.54
2025-03-23 03:30:00+00:00,New Delhi-8118,96.0,31.29,63.82,0.16,0.85,1.2
2025-03-30 03:30:00+00:00,New Delhi-8118,75.0,30.64,48.62,0.07,0.7,-0.14
2025-03-30 08:30:00+00:00,New Delhi-8118,13.0,23.7,47.88,-0.22,-0.89,-0.2
2025-03-30 13:30:00+00:00,New Delhi-8118,19.0,26.19,66.87,-0.19,-0.32,1.47
2025-03-30 17:30:00+00:00,New Delhi-8118,65.0,34.66,62.75,0.02,1.62,1.1
2025-03-30 18:30:00+00:00,New Delhi-8118,70.0,22.99,41.02,0.04,-1.06,-0.81
2025-03-30 21:30:00+00:00,New Delhi-8118,99.0,26.21,58.68,0.18,-0.32,0.75
2025-04-14 08:30:00+00:00,New Delhi-8118,39.0,23.44,42.72,-0.1,-0.95,-0.66
2025-04-14 12:30:00+00:00,New Delhi-8118,28.0,33.4,55.79,-0.15,1.33,0.49
2025-04-14 16:30:00+00:00,New Delhi-8118,65.0,24.23,40.21,0.02,-0.77,-0.88
2025-04-14 19:30:00+00:00,New Delhi-8118,68.0,33.11,53.93,0.04,1.26,0.33
2025-04-14 23:30:00+00:00,New Delhi-8118,67.0,22.26,43.15,0.03,-1.22,-0.62
2025-04-15 03:30:00+00:00,New Delhi-8118,96.0,34.35,48.25,0.16,1.55,-0.17
2025-04-14 09:30:00+00:00,New Delhi-8118,33.0,31.36,56.42,-0.13,0.86,0.55
2025-04-14 13:30:00+00:00,New Delhi-8118,36.0,27.6,58.63,-0.11,0.0,0.74
2025-04-14 17:30:00+00:00,New Delhi-8118,62.0,29.87,40.84,0.01,0.52,-0.82
2025-04-14 20:30:00+00:00,New Delhi-8118,76.0,32.45,39.14,0.07,1.11,-0.97
2025-04-15 00:30:00+00:00,New Delhi-8118,83.0,31.15,45.45,0.1,0.81,-0.42
2025-04-15 04:30:00+00:00,New Delhi-8118,78.0,25.25,69.74,0.08,-0.54,1.72
2025-04-19 04:30:00+00:00,New Delhi-8118,79.0,33.27,43.9,0.09,1.3,-0.55
2025-04-19 08:30:00+00:00,New Delhi-8118,76.0,26.77,38.36,0.07,-0.19,-1.04
2025-04-19 12:30:00+00:00,New Delhi-8118,52.0,30.59,65.11,-0.04,0.69,1.31
2025-04-19 16:30:00+00:00,New Delhi-8118,40.0,24.18,46.52,-0.09,-0.78,-0.32
2025-04-19 19:30:00+00:00,New Delhi-8118,27.0,25.34,60.09,-0.15,-0.52,0.87
2025-04-19 23:30:00+00:00,New Delhi-8118,34.0,22.19,32.93,-0.12,-1.24,-1.52
2025-03-14 18:30:00+00:00,New Delhi-8118,40.0,20.82,32.35,-0.09,-1.56,-1.57
2025-03-14 21:30:00+00:00,New Delhi-8118,23.0,28.77,48.14,-0.17,0.27,-0.18
2025-03-15 01:30:00+00:00,New Delhi-8118,19.0,22.59,59.11,-0.19,-1.15,0.78
2025-03-15 05:30:00+00:00,New Delhi-8118,22.0,34.93,51.71,-0.18,1.68,0.13
2025-03-15 09:30:00+00:00,New Delhi-8118,28.0,34.38,35.1,-0.15,1.56,-1.33
2025-03-15 13:30:00+00:00,New Delhi-8118,47.0,31.19,57.8,-0.06,0.82,0.67
2025-03-22 09:30:00+00:00,New Delhi-8118,32.0,20.85,49.97,-0.13,-1.55,-0.02
2025-03-22 13:30:00+00:00,New Delhi-8118,33.0,28.71,32.6,-0.13,0.25,-1.55
2025-03-22 17:30:00+00:00,New Delhi-8118,82.0,22.87,64.99,0.1,-1.08,1.3
2025-03-22 20:30:00+00:00,New Delhi-8118,84.0,23.44,63.88,0.11,-0.95,1.2
2025-03-23 00:30:00+00:00,New Delhi-8118,81.0,33.96,32.9,0.1,1.46,-1.52
2025-03-23 04:30:00+00:00,New Delhi-8118,83.0,34.07,44.72,0.1,1.48,-0.48
2025-03-29 04:30:00+00:00,New Delhi-8118,72.0,21.76,68.99,0.05,-1.34,1.65
2025-03-29 08:30:00+00:00,New Delhi-8118,25.0,26.15,41.45,-0.16,-0.33,-0.77
2025-03-29 12:30:00+00:00,New Delhi-8118,21.0,31.95,68.5,-0.18,1.0,1.61
2025-03-29 17:30:00+00:00,New Delhi-8118,33.0,21.0,53.21,-0.13,-1.51,0.26
2025-03-29 19:30:00+00:00,New Delhi-8118,58.0,25.79,69.29,-0.01,-0.42,1.68
2025-03-29 23:30:00+00:00,New Delhi-8118,62.0,25.52,32.81,0.01,-0.48,-1.53
2025-03-29 05:30:00+00:00,New Delhi-8118,49.0,20.18,66.2,-0.05,-1.7,1.41
2025-03-29 09:30:00+00:00,New Delhi-8118,25.0,34.31,68.95,-0.16,1.54,1.65
2025-03-29 13:30:00+00:00,New Delhi-8118,25.0,29.58,61.69,-0.16,0.45,1.01
2025-03-29 18:30:00+00:00,New Delhi-8118,43.0,31.14,58.83,-0.08,0.81,0.76
2025-03-29 20:30:00+00:00,New Delhi-8118,57.0,30.31,40.84,-0.02,0.62,-0.82
2025-03-30 01:30:00+00:00,New Delhi-8118,71.0,30.16,59.0,0.05,0.59,0.77
2025-04-14 06:30:00+00:00,New Delhi-8118,60.0,20.65,67.81,-0.0,-1.59,1.55
2025-04-14 10:30:00+00:00,New Delhi-8118,31.0,26.91,31.1,-0.14,-0.16,-1.68
2025-04-14 14:30:00+00:00,New Delhi-8118,44.0,24.76,69.0,-0.08,-0.65,1.65
2025-04-14 18:30:00+00:00,New Delhi-8118,58.0,34.45,44.04,-0.01,1.57,-0.54
2025-04-14 21:30:00+00:00,New Delhi-8118,75.0,22.57,60.75,0.07,-1.15,0.93
2025-04-15 01:30:00+00:00,New Delhi-8118,94.0,20.62,32.39,0.16,-1.6,-1.57
2025-04-22 08:30:00+00:00,New Delhi-8118,79.0,31.3,45.29,0.09,0.85,-0.43
2025-04-22 12:30:00+00:00,New Delhi-8118,41.0,27.75,56.75,-0.09,0.03,0.58
2025-04-22 16:30:00+00:00,New Delhi-8118,69.0,34.09,46.49,0.04,1.49,-0.33
2025-04-22 07:30:00+00:00,New Delhi-8118,54.0,33.66,58.95,-0.03,1.39,0.77
2025-04-22 21:30:00+00:00,New Delhi-8118,62.0,30.33,40.53,0.01,0.63,-0.85
2025-04-23 01:30:00+00:00,New Delhi-8118,150.0,31.2,58.2,0.41,0.83,0.7
2025-02-03 11:30:00+00:00,US Diplomatic Post: New Delhi-8118,74.0,33.2,65.52,0.06,1.28,1.35
2025-02-03 15:30:00+00:00,US Diplomatic Post: New Delhi-8118,111.0,26.13,63.29,0.23,-0.34,1.15
2025-02-03 22:30:00+00:00,US Diplomatic Post: New Delhi-8118,120.0,20.46,51.63,0.28,-1.64,0.13
2025-02-04 02:30:00+00:00,US Diplomatic Post: New Delhi-8118,119.0,31.53,48.59,0.27,0.9,-0.14
2025-02-15 15:30:00+00:00,US Diplomatic Post: New Delhi-8118,92.0,30.38,67.65,0.15,0.64,1.54
2025-02-15 22:30:00+00:00,US Diplomatic Post: New Delhi-8118,252.0,33.92,48.46,0.89,1.45,-0.15
2025-02-16 02:30:00+00:00,US Diplomatic Post: New Delhi-8118,255.0,29.39,66.62,0.9,0.41,1.45
2025-02-16 06:30:00+00:00,US Diplomatic Post: New Delhi-8118,90.0,34.39,32.48,0.14,1.56,-1.56
2025-02-17 03:30:00+00:00,US Diplomatic Post: New Delhi-8118,139.0,34.95,39.64,0.36,1.69,-0.93
2025-02-17 07:30:00+00:00,US Diplomatic Post: New Delhi-8118,56.0,30.55,51.93,-0.02,0.68,0.15
2025-02-17 11:30:00+00:00,US Diplomatic Post: New Delhi-8118,63.0,27.93,62.31,0.01,0.08,1.07
2025-02-17 15:30:00+00:00,US Diplomatic Post: New Delhi-8118,104.0,33.38,67.36,0.2,1.33,1.51
2025-02-08 07:30:00+00:00,US Diplomatic Post: New Delhi-8118,56.0,22.21,66.45,-0.02,-1.24,1.43
2025-02-08 11:30:00+00:00,US Diplomatic Post: New Delhi-8118,38.0,23.37,39.49,-0.1,-0.97,-0.94
2025-02-08 15:30:00+00:00,US Diplomatic Post: New Delhi-8118,93.0,21.22,56.56,0.15,-1.46,0.56
2025-02-08 22:30:00+00:00,US Diplomatic Post: New Delhi-8118,132.0,31.28,34.75,0.33,0.84,-1.36
2025-02-16 07:30:00+00:00,US Diplomatic Post: New Delhi-8118,79.0,24.95,53.54,0.09,-0.61,0.29
2025-02-16 11:30:00+00:00,US Diplomatic Post: New Delhi-8118,42.0,30.73,42.44,-0.09,0.72,-0.68
2025-02-16 15:30:00+00:00,US Diplomatic Post: New Delhi-8118,88.0,26.16,39.35,0.13,-0.33,-0.95
2025-02-16 22:30:00+00:00,US Diplomatic Post: New Delhi-8118,104.0,27.55,58.71,0.2,-0.01,0.75
2025-02-26 03:30:00+00:00,US Diplomatic Post: New Delhi-8118,192.0,24.05,51.74,0.61,-0.81,0.14
2025-02-26 07:30:00+00:00,US Diplomatic Post: New Delhi-8118,95.0,30.07,47.53,0.16,0.57,-0.23
2025-02-26 11:30:00+00:00,US Diplomatic Post: New Delhi-8118,55.0,26.5,31.92,-0.02,-0.25,-1.61
2025-02-26 15:30:00+00:00,US Diplomatic Post: New Delhi-8118,115.0,29.54,59.45,0.25,0.45,0.81
2025-02-20 15:30:00+00:00,US Diplomatic Post: New Delhi-8118,67.0,34.79,60.4,0.03,1.65,0.9
2025-02-20 22:30:00+00:00,US Diplomatic Post: New Delhi-8118,54.0,28.64,66.18,-0.03,0.24,1.41
2025-02-21 02:30:00+00:00,US Diplomatic Post: New Delhi-8118,101.0,28.75,45.43,0.19,0.26,-0.42
2025-02-21 06:30:00+00:00,US Diplomatic Post: New Delhi-8118,68.0,32.81,69.78,0.04,1.2,1.72
2025-02-21 11:30:00+00:00,US Diplomatic Post: New Delhi-8118,79.0,27.29,58.5,0.09,-0.07,0.73
2025-02-21 15:30:00+00:00,US Diplomatic Post: New Delhi-8118,103.0,25.85,37.76,0.2,-0.4,-1.09
2025-02-21 22:30:00+00:00,US Diplomatic Post: New Delhi-8118,75.0,29.79,65.67,0.07,0.5,1.36
2025-02-22 02:30:00+00:00,US Diplomatic Post: New Delhi-8118,66.0,27.51,46.04,0.03,-0.02,-0.37
2025-02-23 22:30:00+00:00,US Diplomatic Post: New Delhi-8118,90.0,27.91,60.54,0.14,0.07,0.91
2025-02-24 02:30:00+00:00,US Diplomatic Post: New Delhi-8118,137.0,22.24,63.94,0.35,-1.23,1.21
2025-02-24 06:30:00+00:00,US Diplomatic Post: New Delhi-8118,67.0,25.82,68.02,0.03,-0.41,1.57
2025-02-24 10:30:00+00:00,US Diplomatic Post: New Delhi-8118,40.0,26.2,36.55,-0.09,-0.32,-1.2
2025-02-24 11:30:00+00:00,US Diplomatic Post: New Delhi-8118,39.0,27.81,46.2,-0.1,0.05,-0.35
2025-02-24 15:30:00+00:00,US Diplomatic Post: New Delhi-8118,72.0,30.95,53.32,0.05,0.77,0.27
2025-02-24 22:30:00+00:00,US Diplomatic Post: New Delhi-8118,114.0,31.98,55.41,0.25,1.0,0.46
2025-02-25 02:30:00+00:00,US Diplomatic Post: New Delhi-8118,118.0,25.34,41.5,0.27,-0.52,-0.77
2025-02-14 22:30:00+00:00,US Diplomatic Post: New Delhi-8118,102.0,27.51,51.11,0.19,-0.02,0.08
2025-02-15 02:30:00+00:00,US Diplomatic Post: New Delhi-8118,98.0,23.66,68.55,0.17,-0.9,1.62
2025-02-15 06:30:00+00:00,US Diplomatic Post: New Delhi-8118,88.0,23.77,52.1,0.13,-0.88,0.17
2025-02-15 10:30:00+00:00,US Diplomatic Post: New Delhi-8118,74.0,26.18,37.1,0.06,-0.33,-1.15
2025-02-25 07:30:00+00:00,US Diplomatic Post: New Delhi-8118,75.0,32.34,38.99,0.07,1.09,-0.99
2025-02-25 11:30:00+00:00,US Diplomatic Post: New Delhi-8118,45.0,22.42,61.0,-0.07,-1.19,0.95
2025-02-25 15:30:00+00:00,US Diplomatic Post: New Delhi-8118,68.0,32.31,60.01,0.04,1.08,0.86
2025-02-25 22:30:00+00:00,US Diplomatic Post: New Delhi-8118,102.0,25.9,60.16,0.19,-0.39,0.88
2025-02-12 03:30:00+00:00,US Diplomatic Post: New Delhi-8118,88.0,20.79,32.92,0.13,-1.56,-1.52
2025-02-12 07:30:00+00:00,US Diplomatic Post: New Delhi-8118,32.0,20.2,58.98,-0.13,-1.7,0.77
2025-02-12 11:30:00+00:00,US Diplomatic Post: New Delhi-8118,28.0,34.15,66.76,-0.15,1.5,1.46
2025-02-12 15:30:00+00:00,US Diplomatic Post: New Delhi-8118,69.0,27.77,47.84,0.04,0.04,-0.21
2025-02-22 07:30:00+00:00,US Diplomatic Post: New Delhi-8118,64.0,31.49,57.79,0.02,0.89,0.67
2025-02-22 11:30:00+00:00,US Diplomatic Post: New Delhi-8118,31.0,32.54,45.28,-0.14,1.13,-0.43
2025-02-22 15:30:00+00:00,US Diplomatic Post: New Delhi-8118,79.0,20.1,48.0,0.09,-1.72,-0.19
2025-02-22 22:30:00+00:00,US Diplomatic Post: New Delhi-8118,80.0,26.34,51.3,0.09,-0.29,0.1
2025-02-16 10:30:00+00:00,US Diplomatic Post: New Delhi-8118,58.0,29.24,65.15,-0.01,0.38,1.32
2025-02-16 14:30:00+00:00,US Diplomatic Post: New Delhi-8118,76.0,21.13,34.06,0.07,-1.48,-1.42
2025-02-16 18:30:00+00:00,US Diplomatic Post: New Delhi-8118,116.0,32.96,36.66,0.26,1.23,-1.19
2025-02-16 21:30:00+00:00,US Diplomatic Post: New Delhi-8118,112.0,31.26,38.61,0.24,0.84,-1.02
2025-02-23 20:30:00+00:00,US Diplomatic Post: New Delhi-8118,103.0,20.58,51.02,0.2,-1.61,0.07
2025-02-24 00:30:00+00:00,US Diplomatic Post: New Delhi-8118,100.0,20.92,49.79,0.18,-1.53,-0.04
2025-02-24 04:30:00+00:00,US Diplomatic Post: New Delhi-8118,132.0,33.37,63.27,0.33,1.32,1.15
2025-02-24 08:30:00+00:00,US Diplomatic Post: New Delhi-8118,61.0,32.75,62.3,0.0,1.18,1.07
2025-04-22 09:30:00+00:00,New Delhi-8118,116.0,28.48,68.98,0.26,0.2,1.65
2025-04-22 13:30:00+00:00,New Delhi-8118,39.0,26.37,31.33,-0.1,-0.28,-1.66
2025-04-22 17:30:00+00:00,New Delhi-8118,88.0,24.23,37.51,0.13,-0.77,-1.12
2025-04-22 22:30:00+00:00,New Delhi-8118,59.0,32.06,42.15,-0.01,1.02,-0.71
2025-04-23 02:30:00+00:00,New Delhi-8118,111.0,28.02,45.31,0.23,0.1,-0.43
2025-02-24 14:30:00+00:00,US Diplomatic Post: New Delhi-8118,62.0,33.56,66.45,0.01,1.37,1.43
2025-02-24 18:30:00+00:00,US Diplomatic Post: New Delhi-8118,99.0,22.2,52.02,0.18,-1.24,0.16
2025-02-24 21:30:00+00:00,US Diplomatic Post: New Delhi-8118,116.0,28.39,51.87,0.26,0.18,0.15
2025-02-25 01:30:00+00:00,US Diplomatic Post: New Delhi-8118,119.0,28.94,30.55,0.27,0.31,-1.73
2025-02-22 08:30:00+00:00,US Diplomatic Post: New Delhi-8118,48.0,26.13,68.01,-0.06,-0.34,1.57
2025-02-22 12:30:00+00:00,US Diplomatic Post: New Delhi-8118,37.0,34.22,37.99,-0.11,1.52,-1.07
2025-02-22 16:30:00+00:00,US Diplomatic Post: New Delhi-8118,70.0,21.37,46.22,0.04,-1.43,-0.35
2025-02-22 19:30:00+00:00,US Diplomatic Post: New Delhi-8118,70.0,32.91,37.13,0.04,1.22,-1.15
2025-03-30 04:30:00+00:00,New Delhi-8118,53.0,31.21,66.04,-0.03,0.83,1.39
2025-03-30 09:30:00+00:00,New Delhi-8118,17.0,34.52,55.69,-0.2,1.59,0.48
2025-03-30 14:30:00+00:00,New Delhi-8118,22.0,30.18,54.02,-0.18,0.59,0.34
2025-03-30 00:30:00+00:00,New Delhi-8118,48.0,27.67,48.62,-0.06,0.02,-0.14
2025-03-30 22:30:00+00:00,New Delhi-8118,95.0,20.93,46.76,0.16,-1.53,-0.3
2025-04-03 15:30:00+00:00,New Delhi-8118,79.0,25.35,68.7,0.09,-0.52,1.63
2025-04-03 22:30:00+00:00,New Delhi-8118,90.0,33.07,32.82,0.14,1.25,-1.53
2025-04-04 02:30:00+00:00,New Delhi-8118,128.0,22.15,50.84,0.31,-1.25,0.06
2025-04-04 06:30:00+00:00,New Delhi-8118,42.0,30.73,43.08,-0.09,0.72,-0.63
2025-04-04 10:30:00+00:00,New Delhi-8118,28.0,22.12,54.19,-0.15,-1.26,0.35
2025-04-06 22:30:00+00:00,New Delhi-8118,93.0,24.64,67.56,0.15,-0.68,1.53
2025-04-07 02:30:00+00:00,New Delhi-8118,152.0,26.61,34.97,0.42,-0.23,-1.34
2025-04-07 06:30:00+00:00,New Delhi-8118,98.0,34.62,36.44,0.17,1.61,-1.21
2025-04-07 10:30:00+00:00,New Delhi-8118,39.0,25.14,45.6,-0.1,-0.56,-0.4
2025-04-07 14:30:00+00:00,New Delhi-8118,63.0,31.45,60.49,0.01,0.88,0.91
2025-04-14 07:30:00+00:00,New Delhi-8118,56.0,23.86,34.42,-0.02,-0.86,-1.39
2025-04-14 11:30:00+00:00,New Delhi-8118,24.0,26.12,41.45,-0.17,-0.34,-0.77
2025-04-14 15:30:00+00:00,New Delhi-8118,55.0,32.31,35.13,-0.02,1.08,-1.33
2025-04-14 22:30:00+00:00,New Delhi-8118,73.0,24.7,60.63,0.06,-0.67,0.92
2025-04-15 02:30:00+00:00,New Delhi-8118,107.0,25.74,47.95,0.22,-0.43,-0.2
2025-04-23 03:30:00+00:00,New Delhi-8118,84.0,23.02,46.24,0.11,-1.05,-0.35
2025-04-23 07:30:00+00:00,New Delhi-8118,51.0,34.92,43.15,-0.04,1.68,-0.62
2025-04-23 11:30:00+00:00,New Delhi-8118,43.0,20.04,47.41,-0.08,-1.73,-0.25
2025-04-23 15:30:00+00:00,New Delhi-8118,67.0,32.24,42.29,0.03,1.06,-0.7
2025-04-23 22:30:00+00:00,New Delhi-8118,187.0,25.76,31.92,0.59,-0.42,-1.61
2025-02-20 18:30:00+00:00,US Diplomatic Post: New Delhi-8118,82.0,27.7,63.07,0.1,0.02,1.13
2025-02-20 21:30:00+00:00,US Diplomatic Post: New Delhi-8118,59.0,33.56,43.92,-0.01,1.37,-0.55
2025-02-21 01:30:00+00:00,US Diplomatic Post: New Delhi-8118,74.0,24.65,41.46,0.06,-0.68,-0.77
2025-02-21 05:30:00+00:00,US Diplomatic Post: New Delhi-8118,77.0,32.26,42.24,0.08,1.07,-0.7
2025-02-23 02:30:00+00:00,US Diplomatic Post: New Delhi-8118,74.0,32.2,54.74,0.06,1.06,0.4
2025-02-23 06:30:00+00:00,US Diplomatic Post: New Delhi-8118,63.0,21.32,44.71,0.01,-1.44,-0.48
2025-02-23 10:30:00+00:00,US Diplomatic Post: New Delhi-8118,38.0,27.66,40.77,-0.1,0.01,-0.83
2025-02-23 14:30:00+00:00,US Diplomatic Post: New Delhi-8118,51.0,24.49,59.24,-0.04,-0.71,0.8
2025-02-23 19:30:00+00:00,US Diplomatic Post: New Delhi-8118,105.0,20.76,31.13,0.21,-1.57,-1.68
2025-02-23 23:30:00+00:00,US Diplomatic Post: New Delhi-8118,90.0,25.24,55.9,0.14,-0.54,0.5
2025-02-24 03:30:00+00:00,US Diplomatic Post: New Delhi-8118,133.0,31.58,68.5,0.34,0.91,1.61
2025-02-24 07:30:00+00:00,US Diplomatic Post: New Delhi-8118,71.0,23.1,68.73,0.05,-1.03,1.63
2025-03-06 22:30:00+00:00,New Delhi-8118,99.0,28.02,46.14,0.18,0.1,-0.36
2025-03-07 02:30:00+00:00,New Delhi-8118,248.0,20.67,63.78,0.87,-1.59,1.2
2025-03-07 06:30:00+00:00,New Delhi-8118,74.0,30.47,53.73,0.06,0.66,0.31
2025-03-07 10:30:00+00:00,New Delhi-8118,23.0,20.67,44.78,-0.17,-1.59,-0.48
2025-03-07 14:30:00+00:00,New Delhi-8118,49.0,33.62,34.2,-0.05,1.38,-1.41
2025-03-14 22:30:00+00:00,New Delhi-8118,13.0,22.72,56.98,-0.22,-1.12,0.6
2025-03-15 02:30:00+00:00,New Delhi-8118,18.0,32.09,35.5,-0.2,1.03,-1.29
2025-03-15 06:30:00+00:00,New Delhi-8118,24.0,22.49,44.6,-0.17,-1.17,-0.49
2025-03-15 10:30:00+00:00,New Delhi-8118,29.0,32.65,40.38,-0.15,1.16,-0.86
2025-03-15 14:30:00+00:00,New Delhi-8118,51.0,27.04,55.78,-0.04,-0.13,0.49
2025-02-28 16:30:00+00:00,US Diplomatic Post: New Delhi-8118,59.0,22.15,43.09,-0.01,-1.25,-0.63
2025-02-28 19:30:00+00:00,New Delhi-8118,46.0,30.18,36.33,-0.07,0.59,-1.22
2025-02-28 23:30:00+00:00,New Delhi-8118,57.0,26.22,62.65,-0.02,-0.32,1.1
2025-03-01 03:30:00+00:00,New Delhi-8118,69.0,23.09,68.73,0.04,-1.03,1.63
2025-03-01 07:30:00+00:00,New Delhi-8118,70.0,23.81,31.13,0.04,-0.87,-1.68
2025-02-28 17:30:00+00:00,US Diplomatic Post: New Delhi-8118,54.0,21.71,41.06,-0.03,-1.35,-0.8
2025-02-28 20:30:00+00:00,New Delhi-8118,60.0,33.57,36.37,-0.0,1.37,-1.22
2025-03-01 00:30:00+00:00,New Delhi-8118,43.0,26.05,47.29,-0.08,-0.36,-0.26
2025-03-01 04:30:00+00:00,New Delhi-8118,68.0,29.58,31.09,0.04,0.45,-1.68
2025-03-01 08:30:00+00:00,New Delhi-8118,67.0,21.77,63.25,0.03,-1.34,1.15
2025-03-10 19:30:00+00:00,New Delhi-8118,123.0,22.71,59.91,0.29,-1.12,0.85
2025-03-10 23:30:00+00:00,New Delhi-8118,114.0,29.48,60.37,0.25,0.43,0.9
2025-03-11 03:30:00+00:00,New Delhi-8118,166.0,26.24,50.99,0.49,-0.31,0.07
2025-03-11 08:30:00+00:00,New Delhi-8118,59.0,21.45,38.57,-0.01,-1.41,-1.02
2025-03-11 12:30:00+00:00,New Delhi-8118,71.0,27.29,58.44,0.05,-0.07,0.73
2025-03-24 18:30:00+00:00,New Delhi-8118,104.0,21.31,52.57,0.2,-1.44,0.21
2025-03-24 19:30:00+00:00,New Delhi-8118,123.0,31.5,33.74,0.29,0.89,-1.45
2025-03-24 23:30:00+00:00,New Delhi-8118,127.0,21.72,58.02,0.31,-1.35,0.69
2025-03-25 03:30:00+00:00,New Delhi-8118,164.0,30.18,41.23,0.48,0.59,-0.79
2025-03-25 07:30:00+00:00,New Delhi-8118,38.0,29.14,49.17,-0.1,0.35,-0.09
2025-03-24 04:30:00+00:00,New Delhi-8118,87.0,26.69,39.75,0.12,-0.21,-0.92
2025-03-24 20:30:00+00:00,New Delhi-8118,125.0,23.27,38.11,0.3,-0.99,-1.06
2025-03-25 00:30:00+00:00,New Delhi-8118,132.0,30.89,32.65,0.33,0.75,-1.54
2025-03-25 04:30:00+00:00,New Delhi-8118,123.0,31.48,33.24,0.29,0.89,-1.49
2025-03-25 08:30:00+00:00,New Delhi-8118,26.0,24.67,59.61,-0.16,-0.67,0.83
2025-04-07 19:30:00+00:00,New Delhi-8118,109.0,27.09,48.79,0.22,-0.12,-0.12
2025-04-07 23:30:00+00:00,New Delhi-8118,101.0,26.95,30.12,0.19,-0.15,-1.77
2025-04-08 03:30:00+00:00,New Delhi-8118,102.0,24.32,60.15,0.19,-0.75,0.88
2025-04-08 07:30:00+00:00,New Delhi-8118,81.0,34.77,64.53,0.1,1.64,1.26
2025-04-08 11:30:00+00:00,New Delhi-8118,56.0,23.91,63.02,-0.02,-0.85,1.13
2025-04-25 13:30:00+00:00,New Delhi-8118,56.0,23.92,34.57,-0.02,-0.84,-1.38
2025-04-25 17:30:00+00:00,New Delhi-8118,93.0,34.39,51.78,0.15,1.56,0.14
2025-04-25 20:30:00+00:00,New Delhi-8118,133.0,31.14,36.48,0.34,0.81,-1.21
2025-04-26 00:30:00+00:00,New Delhi-8118,125.0,25.45,40.18,0.3,-0.49,-0.88
2025-04-26 04:30:00+00:00,New Delhi-8118,152.0,29.71,34.64,0.42,0.48,-1.37
2025-03-06 20:30:00+00:00,New Delhi-8118,129.0,34.44,54.09,0.32,1.57,0.34
2025-03-07 00:30:00+00:00,New Delhi-8118,124.0,29.23,58.8,0.29,0.37,0.76
2025-03-07 04:30:00+00:00,New Delhi-8118,109.0,25.86,57.14,0.22,-0.4,0.61
2025-03-07 08:30:00+00:00,New Delhi-8118,41.0,31.03,68.53,-0.09,0.79,1.61
2025-03-07 12:30:00+00:00,New Delhi-8118,25.0,20.22,36.69,-0.16,-1.69,-1.19
2025-03-07 18:30:00+00:00,New Delhi-8118,107.0,25.48,66.44,0.22,-0.49,1.43
2025-03-07 21:30:00+00:00,New Delhi-8118,107.0,33.22,56.61,0.22,1.29,0.56
2025-03-08 01:30:00+00:00,New Delhi-8118,92.0,34.05,38.94,0.15,1.48,-0.99
2025-03-08 05:30:00+00:00,New Delhi-8118,56.0,30.25,45.51,-0.02,0.61,-0.41
2025-03-08 09:30:00+00:00,New Delhi-8118,23.0,21.25,49.78,-0.17,-1.46,-0.04
2025-03-09 23:30:00+00:00,New Delhi-8118,106.0,23.63,61.54,0.21,-0.91,1.0
2025-03-10 03:30:00+00:00,New Delhi-8118,151.0,33.08,61.71,0.42,1.26,1.01
2025-03-10 07:30:00+00:00,New Delhi-8118,74.0,22.66,35.14,0.06,-1.13,-1.33
2025-03-10 11:30:00+00:00,New Delhi-8118,52.0,25.09,37.69,-0.04,-0.58,-1.1
2025-03-10 15:30:00+00:00,New Delhi-8118,87.0,26.89,66.34,0.12,-0.16,1.42
2025-03-10 18:30:00+00:00,New Delhi-8118,112.0,30.44,66.63,0.24,0.65,1.45
2025-03-10 21:30:00+00:00,New Delhi-8118,114.0,27.5,38.77,0.25,-0.02,-1.01
2025-03-11 01:30:00+00:00,New Delhi-8118,128.0,34.15,47.51,0.31,1.5,-0.24
2025-03-11 05:30:00+00:00,New Delhi-8118,111.0,29.7,31.42,0.23,0.48,-1.65
2025-03-11 10:30:00+00:00,New Delhi-8118,66.0,34.06,42.11,0.03,1.48,-0.71
2025-03-11 15:30:00+00:00,New Delhi-8118,85.0,22.21,36.61,0.11,-1.24,-1.2
2025-03-11 06:30:00+00:00,New Delhi-8118,88.0,28.99,65.75,0.13,0.32,1.37
2025-03-11 21:30:00+00:00,New Delhi-8118,173.0,30.73,40.86,0.52,0.72,-0.82
2025-03-12 01:30:00+00:00,New Delhi-8118,153.0,22.82,44.61,0.43,-1.1,-0.49
2025-03-12 05:30:00+00:00,New Delhi-8118,65.0,26.65,44.19,0.02,-0.22,-0.53
2025-03-13 21:30:00+00:00,New Delhi-8118,116.0,24.75,57.66,0.26,-0.65,0.66
2025-03-14 01:30:00+00:00,New Delhi-8118,131.0,25.67,31.71,0.33,-0.44,-1.63
2025-03-14 05:30:00+00:00,New Delhi-8118,70.0,21.91,30.28,0.04,-1.31,-1.75
2025-03-14 09:30:00+00:00,New Delhi-8118,32.0,25.63,55.05,-0.13,-0.45,0.43
2025-03-14 13:30:00+00:00,New Delhi-8118,42.0,24.27,47.31,-0.09,-0.76,-0.25
2025-03-25 10:30:00+00:00,New Delhi-8118,29.0,21.92,36.06,-0.15,-1.3,-1.24
2025-03-25 14:30:00+00:00,New Delhi-8118,52.0,20.77,51.18,-0.04,-1.57,0.09
2025-03-25 18:30:00+00:00,New Delhi-8118,111.0,31.91,56.37,0.23,0.99,0.54
2025-03-25 21:30:00+00:00,New Delhi-8118,128.0,32.04,68.43,0.31,1.02,1.6
2025-03-26 01:30:00+00:00,New Delhi-8118,141.0,22.82,35.0,0.37,-1.1,-1.34
2025-03-31 02:30:00+00:00,New Delhi-8118,165.0,34.42,46.49,0.48,1.56,-0.33
2025-03-31 20:30:00+00:00,New Delhi-8118,50.0,27.99,40.4,-0.05,0.09,-0.86
2025-04-01 00:30:00+00:00,New Delhi-8118,142.0,21.53,53.07,0.38,-1.39,0.25
2025-04-01 04:30:00+00:00,New Delhi-8118,117.0,22.87,58.51,0.26,-1.08,0.73
2025-04-01 08:30:00+00:00,New Delhi-8118,22.0,29.07,38.55,-0.18,0.34,-1.03
2025-04-02 04:30:00+00:00,New Delhi-8118,133.0,22.86,66.76,0.34,-1.09,1.46
2025-04-02 08:30:00+00:00,New Delhi-8118,33.0,32.54,57.26,-0.13,1.13,0.62
2025-04-02 12:30:00+00:00,New Delhi-8118,76.0,20.64,35.15,0.07,-1.6,-1.32
2025-04-02 16:30:00+00:00,New Delhi-8118,111.0,34.92,42.04,0.23,1.68,-0.72
2025-04-02 19:30:00+00:00,New Delhi-8118,88.0,25.58,51.35,0.13,-0.46,0.1
2025-04-07 18:30:00+00:00,New Delhi-8118,101.0,34.59,62.76,0.19,1.6,1.11
2025-04-07 21:30:00+00:00,New Delhi-8118,104.0,33.8,54.25,0.2,1.42,0.36
2025-04-08 01:30:00+00:00,New Delhi-8118,98.0,27.39,38.02,0.17,-0.05,-1.07
2025-04-08 05:30:00+00:00,New Delhi-8118,100.0,30.48,69.65,0.18,0.66,1.71
2025-04-08 09:30:00+00:00,New Delhi-8118,71.0,33.31,61.18,0.05,1.31,0.97
2025-04-25 14:30:00+00:00,New Delhi-8118,60.0,28.93,41.77,-0.0,0.31,-0.74
2025-04-25 18:30:00+00:00,New Delhi-8118,96.0,24.23,57.94,0.16,-0.77,0.68
2025-04-25 21:30:00+00:00,New Delhi-8118,148.0,23.55,60.77,0.41,-0.93,0.93
2025-04-26 01:30:00+00:00,New Delhi-8118,140.0,29.97,61.71,0.37,0.54,1.01
2025-04-26 05:30:00+00:00,New Delhi-8118,100.0,22.8,57.19,0.18,-1.1,0.62
2025-04-27 00:30:00+00:00,New Delhi-8118,128.0,24.25,62.41,0.31,-0.77,1.07
2025-04-27 04:30:00+00:00,New Delhi-8118,110.0,29.41,42.91,0.23,0.42,-0.64
2025-04-27 08:30:00+00:00,New Delhi-8118,90.0,27.97,40.58,0.14,0.08,-0.85
2025-04-27 12:30:00+00:00,New Delhi-8118,50.0,30.86,44.71,-0.05,0.75,-0.48
2025-04-27 16:30:00+00:00,New Delhi-8118,90.0,25.91,37.02,0.14,-0.39,-1.16
2025-03-03 00:30:00+00:00,New Delhi-8118,49.0,30.77,44.06,-0.05,0.73,-0.54
2025-03-03 04:30:00+00:00,New Delhi-8118,104.0,23.05,53.89,0.2,-1.04,0.32
2025-03-03 08:30:00+00:00,New Delhi-8118,40.0,34.33,39.04,-0.09,1.54,-0.98
2025-03-03 12:30:00+00:00,New Delhi-8118,33.0,28.69,58.75,-0.13,0.25,0.75
2025-03-03 16:30:00+00:00,New Delhi-8118,63.0,33.45,64.81,0.01,1.34,1.29
2025-03-06 00:30:00+00:00,New Delhi-8118,57.0,32.41,42.36,-0.02,1.1,-0.69
2025-03-06 04:30:00+00:00,New Delhi-8118,56.0,28.16,37.99,-0.02,0.13,-1.07
2025-03-06 08:30:00+00:00,New Delhi-8118,27.0,20.89,45.35,-0.15,-1.54,-0.43
2025-03-06 13:30:00+00:00,New Delhi-8118,19.0,26.27,44.15,-0.19,-0.31,-0.53
2025-03-06 18:30:00+00:00,New Delhi-8118,100.0,32.06,39.08,0.18,1.02,-0.98
2025-03-06 21:30:00+00:00,New Delhi-8118,111.0,27.67,41.16,0.23,0.02,-0.8
2025-03-07 01:30:00+00:00,New Delhi-8118,136.0,32.89,56.34,0.35,1.21,0.54
2025-03-07 05:30:00+00:00,New Delhi-8118,62.0,20.74,39.76,0.01,-1.57,-0.92
2025-03-07 09:30:00+00:00,New Delhi-8118,27.0,26.1,55.96,-0.15,-0.34,0.51
2025-03-07 13:30:00+00:00,New Delhi-8118,31.0,34.14,51.76,-0.14,1.5,0.14
2025-03-07 16:30:00+00:00,New Delhi-8118,120.0,23.71,52.23,0.28,-0.89,0.18
2025-03-07 19:30:00+00:00,New Delhi-8118,89.0,27.72,46.52,0.13,0.03,-0.32
2025-03-07 23:30:00+00:00,New Delhi-8118,88.0,22.32,33.18,0.13,-1.21,-1.5
2025-03-08 03:30:00+00:00,New Delhi-8118,100.0,23.0,65.59,0.18,-1.06,1.35
2025-03-08 07:30:00+00:00,New Delhi-8118,27.0,21.11,59.91,-0.15,-1.49,0.85
2025-03-08 10:30:00+00:00,New Delhi-8118,26.0,24.58,31.44,-0.16,-0.69,-1.65
2025-03-08 14:30:00+00:00,New Delhi-8118,49.0,21.17,52.76,-0.05,-1.47,0.23
2025-03-08 18:30:00+00:00,New Delhi-8118,76.0,29.64,69.59,0.07,0.47,1.71
2025-03-08 23:30:00+00:00,New Delhi-8118,88.0,28.13,46.76,0.13,0.12,-0.3
2025-03-09 03:30:00+00:00,New Delhi-8118,149.0,24.84,54.11,0.41,-0.63,0.34
2025-03-09 06:30:00+00:00,New Delhi-8118,66.0,34.23,40.05,0.03,1.52,-0.89
2025-03-09 11:30:00+00:00,New Delhi-8118,41.0,21.63,40.62,-0.09,-1.37,-0.84
2025-03-09 15:30:00+00:00,New Delhi-8118,75.0,20.08,67.29,0.07,-1.72,1.5
2025-03-09 18:30:00+00:00,New Delhi-8118,100.0,25.14,45.49,0.18,-0.56,-0.41
2025-03-09 19:30:00+00:00,New Delhi-8118,88.0,21.64,48.07,0.13,-1.37,-0.19
2025-03-09 21:30:00+00:00,New Delhi-8118,94.0,29.95,48.23,0.16,0.54,-0.17
2025-03-10 01:30:00+00:00,New Delhi-8118,105.0,24.77,46.62,0.21,-0.65,-0.32
2025-03-10 05:30:00+00:00,New Delhi-8118,103.0,29.52,56.11,0.2,0.44,0.52
2025-03-10 09:30:00+00:00,New Delhi-8118,53.0,31.44,35.21,-0.03,0.88,-1.32
2025-03-10 13:30:00+00:00,New Delhi-8118,58.0,27.6,61.27,-0.01,0.0,0.97
2025-03-11 14:30:00+00:00,New Delhi-8118,69.0,32.9,57.16,0.04,1.22,0.61
2025-03-11 18:30:00+00:00,New Delhi-8118,117.0,24.7,56.54,0.26,-0.67,0.56
2025-03-11 20:30:00+00:00,New Delhi-8118,142.0,24.35,33.62,0.38,-0.75,-1.46
2025-03-12 00:30:00+00:00,New Delhi-8118,163.0,27.43,59.32,0.47,-0.04,0.8
2025-03-12 04:30:00+00:00,New Delhi-8118,99.0,33.49,65.49,0.18,1.35,1.35
2025-03-13 01:30:00+00:00,New Delhi-8118,111.0,20.31,40.36,0.23,-1.67,-0.87
2025-03-13 06:30:00+00:00,New Delhi-8118,88.0,32.17,39.15,0.13,1.05,-0.97
2025-03-13 10:30:00+00:00,New Delhi-8118,48.0,32.98,65.61,-0.06,1.23,1.36
2025-03-13 15:30:00+00:00,New Delhi-8118,60.0,20.27,37.1,-0.0,-1.68,-1.15
2025-03-13 03:30:00+00:00,New Delhi-8118,159.0,32.14,40.99,0.46,1.04,-0.81
2025-03-13 22:30:00+00:00,New Delhi-8118,96.0,22.64,45.06,0.16,-1.14,-0.45
2025-03-14 02:30:00+00:00,New Delhi-8118,132.0,24.03,41.81,0.33,-0.82,-0.74
2025-03-14 06:30:00+00:00,New Delhi-8118,46.0,29.92,37.64,-0.07,0.53,-1.11
2025-03-14 10:30:00+00:00,New Delhi-8118,25.0,31.99,35.13,-0.16,1.01,-1.33
2025-03-14 14:30:00+00:00,New Delhi-8118,43.0,33.07,59.82,-0.08,1.25,0.85
2025-03-13 23:30:00+00:00,New Delhi-8118,106.0,21.21,46.87,0.21,-1.47,-0.29
2025-03-14 03:30:00+00:00,New Delhi-8118,114.0,27.74,57.39,0.25,0.03,0.63
2025-03-14 07:30:00+00:00,New Delhi-8118,48.0,30.9,64.31,-0.06,0.76,1.24
2025-03-14 11:30:00+00:00,New Delhi-8118,31.0,23.81,64.98,-0.14,-0.87,1.3
2025-03-14 15:30:00+00:00,New Delhi-8118,46.0,32.56,61.78,-0.07,1.14,1.02
2025-03-17 02:30:00+00:00,New Delhi-8118,116.0,32.95,31.82,0.26,1.23,-1.62
2025-03-17 06:30:00+00:00,New Delhi-8118,42.0,28.49,35.43,-0.09,0.2,-1.3
2025-03-17 10:30:00+00:00,New Delhi-8118,31.0,31.23,61.11,-0.14,0.83,0.96
2025-03-17 14:30:00+00:00,New Delhi-8118,36.0,24.41,42.08,-0.11,-0.73,-0.71
2025-03-17 18:30:00+00:00,New Delhi-8118,63.0,21.02,43.72,0.01,-1.51,-0.57
2025-03-18 14:30:00+00:00,New Delhi-8118,26.0,23.3,66.05,-0.16,-0.99,1.4
2025-03-18 18:30:00+00:00,New Delhi-8118,72.0,25.56,36.93,0.05,-0.47,-1.17
2025-03-18 21:30:00+00:00,New Delhi-8118,102.0,28.92,36.48,0.19,0.3,-1.21
2025-03-19 01:30:00+00:00,New Delhi-8118,140.0,28.79,44.08,0.37,0.27,-0.54
2025-03-19 05:30:00+00:00,New Delhi-8118,48.0,27.56,35.82,-0.06,-0.01,-1.27
2025-03-20 19:30:00+00:00,New Delhi-8118,53.0,23.8,48.69,-0.03,-0.87,-0.13
2025-03-20 23:30:00+00:00,New Delhi-8118,142.0,34.38,54.96,0.38,1.56,0.42
2025-03-21 04:30:00+00:00,New Delhi-8118,100.0,23.56,33.42,0.18,-0.93,-1.48
2025-03-21 10:30:00+00:00,New Delhi-8118,17.0,28.25,34.13,-0.2,0.15,-1.41
2025-03-21 14:30:00+00:00,New Delhi-8118,32.0,26.07,67.64,-0.13,-0.35,1.54
2025-03-23 23:30:00+00:00,New Delhi-8118,106.0,30.36,32.06,0.21,0.63,-1.6
2025-03-24 03:30:00+00:00,New Delhi-8118,147.0,21.61,51.15,0.4,-1.37,0.08
2025-03-24 08:30:00+00:00,New Delhi-8118,49.0,34.73,30.39,-0.05,1.64,-1.74
2025-03-24 12:30:00+00:00,New Delhi-8118,36.0,29.4,58.26,-0.11,0.41,0.71
2025-03-24 17:30:00+00:00,New Delhi-8118,77.0,23.08,33.46,0.08,-1.04,-1.47
2025-03-25 09:30:00+00:00,New Delhi-8118,31.0,25.9,37.56,-0.14,-0.39,-1.11
2025-03-25 13:30:00+00:00,New Delhi-8118,43.0,31.68,66.14,-0.08,0.94,1.4
2025-03-25 17:30:00+00:00,New Delhi-8118,98.0,29.96,59.99,0.17,0.54,0.86
2025-03-25 20:30:00+00:00,New Delhi-8118,111.0,28.91,48.84,0.23,0.3,-0.12
2025-03-26 00:30:00+00:00,New Delhi-8118,133.0,31.79,56.35,0.34,0.96,0.54
2025-03-26 04:30:00+00:00,New Delhi-8118,93.0,32.65,56.75,0.15,1.16,0.58
2025-03-26 08:30:00+00:00,New Delhi-8118,46.0,28.19,55.71,-0.07,0.14,0.48
2025-03-26 12:30:00+00:00,New Delhi-8118,25.0,27.04,30.27,-0.16,-0.13,-1.75
2025-03-26 16:30:00+00:00,New Delhi-8118,68.0,22.97,67.38,0.04,-1.06,1.51
2025-03-26 19:30:00+00:00,New Delhi-8118,100.0,27.59,53.44,0.18,-0.0,0.29
2025-04-01 09:30:00+00:00,New Delhi-8118,23.0,34.77,51.26,-0.17,1.64,0.09
2025-04-01 13:30:00+00:00,New Delhi-8118,27.0,23.76,50.18,-0.15,-0.88,-0.0
2025-04-01 17:30:00+00:00,New Delhi-8118,98.0,29.04,35.71,0.17,0.33,-1.28
2025-04-01 20:30:00+00:00,New Delhi-8118,106.0,32.07,49.21,0.21,1.03,-0.09
2025-04-02 00:30:00+00:00,New Delhi-8118,158.0,34.2,64.73,0.45,1.51,1.28
2025-04-01 10:30:00+00:00,New Delhi-8118,26.0,25.14,67.26,-0.16,-0.56,1.5
2025-04-01 14:30:00+00:00,New Delhi-8118,43.0,34.6,54.38,-0.08,1.61,0.37
2025-04-01 18:30:00+00:00,New Delhi-8118,116.0,33.65,49.44,0.26,1.39,-0.07
2025-04-01 21:30:00+00:00,New Delhi-8118,96.0,30.55,68.88,0.16,0.68,1.64
2025-04-02 01:30:00+00:00,New Delhi-8118,211.0,33.86,58.27,0.7,1.44,0.71
2025-04-02 02:30:00+00:00,New Delhi-8118,244.0,24.37,55.59,0.85,-0.74,0.47
2025-04-02 06:30:00+00:00,New Delhi-8118,84.0,24.47,33.87,0.11,-0.72,-1.44
2025-04-02 10:30:00+00:00,New Delhi-8118,27.0,25.53,31.79,-0.15,-0.47,-1.62
2025-04-02 14:30:00+00:00,New Delhi-8118,49.0,25.71,49.86,-0.05,-0.43,-0.03
2025-04-02 18:30:00+00:00,New Delhi-8118,72.0,31.67,61.45,0.05,0.93,0.99
2025-04-05 05:30:00+00:00,New Delhi-8118,98.0,34.03,50.11,0.17,1.48,-0.01
2025-04-05 09:30:00+00:00,New Delhi-8118,33.0,27.65,57.73,-0.13,0.01,0.66
2025-04-05 13:30:00+00:00,New Delhi-8118,28.0,26.67,34.74,-0.15,-0.21,-1.36
2025-04-05 17:30:00+00:00,New Delhi-8118,80.0,33.13,62.47,0.09,1.27,1.08
2025-04-05 20:30:00+00:00,New Delhi-8118,107.0,25.34,46.39,0.22,-0.52,-0.34
2025-04-06 21:30:00+00:00,New Delhi-8118,90.0,34.15,47.83,0.14,1.5,-0.21
2025-04-07 01:30:00+00:00,New Delhi-8118,104.0,32.6,68.41,0.2,1.15,1.6
2025-04-07 05:30:00+00:00,New Delhi-8118,138.0,34.69,62.12,0.36,1.63,1.05
2025-04-07 09:30:00+00:00,New Delhi-8118,44.0,20.31,58.48,-0.08,-1.67,0.73
2025-04-07 13:30:00+00:00,New Delhi-8118,50.0,23.68,68.81,-0.05,-0.9,1.64
2025-04-16 01:30:00+00:00,New Delhi-8118,121.0,21.49,40.72,0.28,-1.4,-0.83
2025-04-16 05:30:00+00:00,New Delhi-8118,83.0,32.04,46.32,0.1,1.02,-0.34
2025-04-16 09:30:00+00:00,New Delhi-8118,81.0,25.79,51.22,0.1,-0.42,0.09
2025-04-16 13:30:00+00:00,New Delhi-8118,66.0,32.52,65.52,0.03,1.13,1.35
2025-04-16 17:30:00+00:00,New Delhi-8118,69.0,21.17,48.79,0.04,-1.47,-0.12
2025-04-17 14:30:00+00:00,New Delhi-8118,74.0,32.77,35.51,0.06,1.19,-1.29
2025-04-17 18:30:00+00:00,New Delhi-8118,94.0,24.95,68.47,0.16,-0.61,1.61
2025-04-17 21:30:00+00:00,New Delhi-8118,55.0,32.92,67.58,-0.02,1.22,1.53
2025-04-18 01:30:00+00:00,New Delhi-8118,60.0,28.71,55.54,-0.0,0.25,0.47
2025-04-18 05:30:00+00:00,New Delhi-8118,135.0,34.55,39.78,0.35,1.59,-0.92
2025-04-21 13:30:00+00:00,New Delhi-8118,36.0,34.78,62.35,-0.11,1.65,1.07
2025-04-21 17:30:00+00:00,New Delhi-8118,70.0,32.98,61.01,0.04,1.23,0.95
2025-04-21 20:30:00+00:00,New Delhi-8118,85.0,22.35,61.58,0.11,-1.2,1.0
2025-04-22 00:30:00+00:00,New Delhi-8118,79.0,21.32,60.83,0.09,-1.44,0.94
2025-04-22 05:30:00+00:00,New Delhi-8118,120.0,24.97,57.84,0.28,-0.6,0.67
2025-04-22 10:30:00+00:00,New Delhi-8118,100.0,32.18,59.91,0.18,1.05,0.85
2025-04-22 14:30:00+00:00,New Delhi-8118,47.0,23.27,35.98,-0.06,-0.99,-1.25
2025-04-22 18:30:00+00:00,New Delhi-8118,98.0,30.03,43.84,0.17,0.56,-0.56
2025-04-22 19:30:00+00:00,New Delhi-8118,75.0,30.78,67.78,0.07,0.73,1.55
2025-04-22 23:30:00+00:00,New Delhi-8118,59.0,28.01,31.37,-0.01,0.09,-1.66
2025-04-22 11:30:00+00:00,New Delhi-8118,51.0,30.22,33.83,-0.04,0.6,-1.44
2025-04-22 15:30:00+00:00,New Delhi-8118,59.0,34.29,55.56,-0.01,1.53,0.47
2025-04-22 04:30:00+00:00,New Delhi-8118,156.0,27.06,55.8,0.44,-0.12,0.49
2025-04-22 20:30:00+00:00,New Delhi-8118,60.0,32.69,40.81,-0.0,1.17,-0.83
2025-04-23 00:30:00+00:00,New Delhi-8118,106.0,30.29,56.77,0.21,0.62,0.58
2025-04-23 06:30:00+00:00,New Delhi-8118,62.0,33.02,32.47,0.01,1.24,-1.56
2025-04-23 10:30:00+00:00,New Delhi-8118,54.0,30.74,54.62,-0.03,0.72,0.39
2025-04-23 14:30:00+00:00,New Delhi-8118,53.0,34.17,60.94,-0.03,1.51,0.95
2025-04-23 18:30:00+00:00,New Delhi-8118,109.0,24.05,62.76,0.22,-0.81,1.11
2025-04-23 21:30:00+00:00,New Delhi-8118,195.0,30.26,40.9,0.62,0.61,-0.82
2025-04-23 23:30:00+00:00,New Delhi-8118,128.0,27.43,62.93,0.31,-0.04,1.12
2025-04-24 03:30:00+00:00,New Delhi-8118,84.0,23.19,68.37,0.11,-1.01,1.6
2025-04-24 07:30:00+00:00,New Delhi-8118,57.0,29.02,34.89,-0.02,0.33,-1.35
2025-04-24 11:30:00+00:00,New Delhi-8118,42.0,28.71,38.74,-0.09,0.25,-1.01
2025-04-24 15:30:00+00:00,New Delhi-8118,59.0,32.12,52.31,-0.01,1.04,0.19
2025-04-24 02:30:00+00:00,New Delhi-8118,119.0,20.44,36.23,0.27,-1.64,-1.23
2025-04-24 06:30:00+00:00,New Delhi-8118,67.0,23.03,31.73,0.03,-1.05,-1.63
2025-04-24 10:30:00+00:00,New Delhi-8118,39.0,22.38,43.65,-0.1,-1.2,-0.58
2025-04-24 14:30:00+00:00,New Delhi-8118,50.0,25.86,32.53,-0.05,-0.4,-1.56
2025-04-24 18:30:00+00:00,New Delhi-8118,73.0,26.11,54.36,0.06,-0.34,0.37
2025-04-24 19:30:00+00:00,New Delhi-8118,71.0,28.59,56.37,0.05,0.23,0.54
2025-04-24 23:30:00+00:00,New Delhi-8118,91.0,31.58,37.48,0.14,0.91,-1.12
2025-04-25 03:30:00+00:00,New Delhi-8118,112.0,20.53,49.81,0.24,-1.62,-0.03
2025-04-25 07:30:00+00:00,New Delhi-8118,80.0,24.19,49.32,0.09,-0.78,-0.08
2025-04-25 11:30:00+00:00,New Delhi-8118,68.0,30.25,64.91,0.04,0.61,1.29
2025-04-24 20:30:00+00:00,New Delhi-8118,77.0,34.53,61.29,0.08,1.59,0.98
2025-04-25 00:30:00+00:00,New Delhi-8118,92.0,34.32,69.36,0.15,1.54,1.69
2025-04-25 04:30:00+00:00,New Delhi-8118,134.0,31.97,52.95,0.34,1.0,0.24
2025-04-25 08:30:00+00:00,New Delhi-8118,59.0,27.98,63.41,-0.01,0.09,1.16
2025-04-25 12:30:00+00:00,New Delhi-8118,56.0,21.55,47.11,-0.02,-1.39,-0.27
2025-04-26 06:30:00+00:00,New Delhi-8118,52.0,24.88,50.42,-0.04,-0.62,0.02
2025-04-26 10:30:00+00:00,New Delhi-8118,144.0,23.86,48.1,0.39,-0.86,-0.18
2025-04-26 14:30:00+00:00,New Delhi-8118,112.0,25.17,43.35,0.24,-0.56,-0.6
2025-04-26 18:30:00+00:00,New Delhi-8118,82.0,33.35,31.25,0.1,1.32,-1.67
2025-04-26 21:30:00+00:00,New Delhi-8118,54.0,31.21,64.96,-0.03,0.83,1.3
2025-04-27 01:30:00+00:00,New Delhi-8118,160.0,26.8,48.99,0.46,-0.18,-0.11
2025-04-27 05:30:00+00:00,New Delhi-8118,134.0,20.67,64.8,0.34,-1.59,1.29
2025-04-27 09:30:00+00:00,New Delhi-8118,63.0,32.47,61.16,0.01,1.12,0.96
2025-04-27 13:30:00+00:00,New Delhi-8118,54.0,27.81,56.14,-0.03,0.05,0.52
2025-04-27 17:30:00+00:00,New Delhi-8118,115.0,28.31,67.62,0.25,0.16,1.53
2025-03-02 05:30:00+00:00,New Delhi-8118,56.0,33.01,58.52,-0.02,1.24,0.73
2025-03-02 09:30:00+00:00,New Delhi-8118,12.0,33.17,33.83,-0.22,1.28,-1.44
2025-03-02 13:30:00+00:00,New Delhi-8118,27.0,31.15,46.19,-0.15,0.81,-0.35
2025-03-02 17:30:00+00:00,New Delhi-8118,61.0,25.31,60.29,0.0,-0.53,0.89
2025-03-02 20:30:00+00:00,New Delhi-8118,68.0,25.22,64.51,0.04,-0.55,1.26
2025-03-02 06:30:00+00:00,New Delhi-8118,36.0,33.26,54.84,-0.11,1.3,0.41
2025-03-02 10:30:00+00:00,New Delhi-8118,18.0,32.29,50.99,-0.2,1.08,0.07
2025-03-02 14:30:00+00:00,New Delhi-8118,31.0,29.89,35.32,-0.14,0.53,-1.31
2025-03-02 18:30:00+00:00,New Delhi-8118,64.0,32.04,38.42,0.02,1.02,-1.04
2025-03-02 21:30:00+00:00,New Delhi-8118,69.0,21.14,30.89,0.04,-1.48,-1.7
2025-03-02 23:30:00+00:00,New Delhi-8118,60.0,25.43,58.93,-0.0,-0.5,0.77
2025-03-03 03:30:00+00:00,New Delhi-8118,109.0,29.92,57.32,0.22,0.53,0.63
2025-03-03 07:30:00+00:00,New Delhi-8118,44.0,20.13,39.64,-0.08,-1.71,-0.93
2025-03-03 11:30:00+00:00,New Delhi-8118,37.0,29.23,30.15,-0.11,0.37,-1.76
2025-03-03 15:30:00+00:00,New Delhi-8118,58.0,29.5,48.02,-0.01,0.44,-0.19
2025-03-03 01:30:00+00:00,New Delhi-8118,55.0,34.74,38.03,-0.02,1.64,-1.07
2025-03-03 05:30:00+00:00,New Delhi-8118,55.0,29.64,51.86,-0.02,0.47,0.15
2025-03-03 09:30:00+00:00,New Delhi-8118,54.0,24.38,62.59,-0.03,-0.74,1.09
2025-03-03 13:30:00+00:00,New Delhi-8118,48.0,26.85,68.72,-0.06,-0.17,1.63
2025-03-03 17:30:00+00:00,New Delhi-8118,66.0,20.35,60.91,0.03,-1.66,0.94
2025-03-07 17:30:00+00:00,New Delhi-8118,91.0,20.97,38.77,0.14,-1.52,-1.01
2025-03-07 20:30:00+00:00,New Delhi-8118,122.0,32.06,40.15,0.28,1.02,-0.88
2025-03-08 00:30:00+00:00,New Delhi-8118,89.0,27.62,30.79,0.13,0.0,-1.71
2025-03-08 04:30:00+00:00,New Delhi-8118,73.0,34.68,32.58,0.06,1.62,-1.55
2025-03-08 08:30:00+00:00,New Delhi-8118,24.0,24.9,50.46,-0.17,-0.62,0.02
2025-03-09 22:30:00+00:00,New Delhi-8118,92.0,24.17,67.58,0.15,-0.79,1.53
2025-03-10 02:30:00+00:00,New Delhi-8118,135.0,33.23,58.12,0.35,1.29,0.7
2025-03-10 06:30:00+00:00,New Delhi-8118,80.0,22.93,55.19,0.09,-1.07,0.44
2025-03-10 10:30:00+00:00,New Delhi-8118,51.0,34.2,56.48,-0.04,1.51,0.55
2025-03-10 14:30:00+00:00,New Delhi-8118,64.0,28.35,33.23,0.02,0.17,-1.49
2025-03-12 08:30:00+00:00,New Delhi-8118,45.0,32.02,43.86,-0.07,1.01,-0.56
2025-03-12 12:30:00+00:00,New Delhi-8118,37.0,23.14,50.51,-0.11,-1.02,0.03
2025-03-12 16:30:00+00:00,New Delhi-8118,70.0,31.64,32.77,0.04,0.93,-1.53
2025-03-12 19:30:00+00:00,New Delhi-8118,61.0,28.28,48.46,0.0,0.16,-0.15
2025-03-12 23:30:00+00:00,New Delhi-8118,71.0,22.49,65.01,0.05,-1.17,1.3
2025-03-17 21:30:00+00:00,New Delhi-8118,73.0,20.17,34.75,0.06,-1.7,-1.36
2025-03-18 01:30:00+00:00,New Delhi-8118,113.0,28.93,43.74,0.24,0.31,-0.57
2025-03-18 05:30:00+00:00,New Delhi-8118,59.0,20.77,59.17,-0.01,-1.57,0.79
2025-03-18 09:30:00+00:00,New Delhi-8118,18.0,33.92,49.99,-0.2,1.45,-0.02
2025-03-18 13:30:00+00:00,New Delhi-8118,23.0,22.4,69.76,-0.17,-1.19,1.72
2025-03-20 01:30:00+00:00,New Delhi-8118,76.0,24.44,59.77,0.07,-0.72,0.84
2025-03-20 05:30:00+00:00,New Delhi-8118,40.0,28.16,46.64,-0.09,0.13,-0.31
2025-03-20 09:30:00+00:00,New Delhi-8118,15.0,27.02,32.42,-0.21,-0.13,-1.56
2025-03-20 13:30:00+00:00,New Delhi-8118,20.0,34.87,65.03,-0.19,1.67,1.31
2025-03-20 17:30:00+00:00,New Delhi-8118,63.0,23.13,42.54,0.01,-1.03,-0.67
2025-03-20 02:30:00+00:00,New Delhi-8118,88.0,29.97,39.84,0.13,0.54,-0.91
2025-03-20 06:30:00+00:00,New Delhi-8118,46.0,23.54,47.13,-0.07,-0.93,-0.27
2025-03-20 10:30:00+00:00,New Delhi-8118,21.0,32.42,30.04,-0.18,1.11,-1.77
2025-03-20 14:30:00+00:00,New Delhi-8118,28.0,24.04,53.55,-0.15,-0.82,0.29
2025-03-20 18:30:00+00:00,New Delhi-8118,70.0,32.66,31.94,0.04,1.16,-1.61
2025-03-21 16:30:00+00:00,New Delhi-8118,50.0,21.28,32.74,-0.05,-1.45,-1.54
2025-03-21 05:30:00+00:00,New Delhi-8118,79.0,34.44,56.96,0.09,1.57,0.6
2025-03-21 20:30:00+00:00,New Delhi-8118,60.0,29.1,58.48,-0.0,0.34,0.73
2025-03-22 00:30:00+00:00,New Delhi-8118,102.0,26.39,51.82,0.19,-0.28,0.14
2025-03-22 04:30:00+00:00,New Delhi-8118,73.0,24.02,30.37,0.06,-0.82,-1.75
2025-03-21 17:30:00+00:00,New Delhi-8118,59.0,33.36,68.39,-0.01,1.32,1.6
2025-03-21 08:30:00+00:00,New Delhi-8118,20.0,28.82,69.94,-0.19,0.28,1.74
2025-03-21 21:30:00+00:00,New Delhi-8118,61.0,24.18,56.02,0.0,-0.78,0.51
2025-03-22 01:30:00+00:00,New Delhi-8118,74.0,20.88,64.64,0.06,-1.54,1.27
2025-03-22 05:30:00+00:00,New Delhi-8118,53.0,27.42,62.67,-0.03,-0.04,1.1
2025-03-26 20:30:00+00:00,New Delhi-8118,111.0,28.36,63.39,0.23,0.17,1.16
2025-03-27 02:30:00+00:00,New Delhi-8118,146.0,22.28,30.32,0.4,-1.22,-1.75
2025-03-27 07:30:00+00:00,New Delhi-8118,32.0,25.05,30.97,-0.13,-0.58,-1.69
2025-03-27 12:30:00+00:00,New Delhi-8118,34.0,24.62,53.3,-0.12,-0.68,0.27
2025-03-27 17:30:00+00:00,New Delhi-8118,56.0,21.2,38.83,-0.02,-1.47,-1.0
2025-03-26 21:30:00+00:00,New Delhi-8118,117.0,20.56,55.58,0.26,-1.61,0.47
2025-03-27 04:30:00+00:00,New Delhi-8118,70.0,25.38,45.27,0.04,-0.51,-0.43
2025-03-27 08:30:00+00:00,New Delhi-8118,37.0,28.08,67.11,-0.11,0.11,1.49
2025-03-27 14:30:00+00:00,New Delhi-8118,44.0,21.72,66.4,-0.08,-1.35,1.43
2025-03-27 18:30:00+00:00,New Delhi-8118,68.0,28.55,49.59,0.04,0.22,-0.05
2025-03-26 22:30:00+00:00,New Delhi-8118,122.0,34.52,68.06,0.28,1.59,1.57
2025-03-27 05:30:00+00:00,New Delhi-8118,59.0,34.96,48.88,-0.01,1.69,-0.12
2025-03-27 09:30:00+00:00,New Delhi-8118,31.0,33.78,39.13,-0.14,1.42,-0.97
2025-03-27 15:30:00+00:00,New Delhi-8118,59.0,33.09,52.89,-0.01,1.26,0.24
2025-03-27 10:30:00+00:00,New Delhi-8118,26.0,21.34,34.9,-0.16,-1.44,-1.35
2025-03-27 01:30:00+00:00,New Delhi-8118,170.0,32.36,63.5,0.51,1.09,1.17
2025-03-27 06:30:00+00:00,New Delhi-8118,37.0,28.82,63.89,-0.11,0.28,1.2
2025-03-27 11:30:00+00:00,New Delhi-8118,27.0,32.15,34.73,-0.15,1.04,-1.36
2025-03-27 16:30:00+00:00,New Delhi-8118,51.0,28.31,68.7,-0.04,0.16,1.63
2025-03-26 23:30:00+00:00,New Delhi-8118,124.0,30.83,45.68,0.29,0.74,-0.4
2025-03-27 00:30:00+00:00,New Delhi-8118,139.0,26.55,42.35,0.36,-0.24,-0.69
2025-03-27 19:30:00+00:00,New Delhi-8118,72.0,29.33,51.4,0.05,0.4,0.11
2025-03-28 02:30:00+00:00,New Delhi-8118,75.0,21.16,38.25,0.07,-1.48,-1.05
2025-03-28 06:30:00+00:00,New Delhi-8118,37.0,20.95,50.21,-0.11,-1.53,0.0
2025-03-28 10:30:00+00:00,New Delhi-8118,26.0,30.64,39.59,-0.16,0.7,-0.93
2025-03-27 03:30:00+00:00,New Delhi-8118,68.0,25.28,37.48,0.04,-0.53,-1.12
2025-03-27 20:30:00+00:00,New Delhi-8118,153.0,22.97,48.65,0.43,-1.06,-0.14
2025-03-28 03:30:00+00:00,New Delhi-8118,79.0,27.85,59.77,0.09,0.06,0.84
2025-03-28 07:30:00+00:00,New Delhi-8118,42.0,31.66,34.99,-0.09,0.93,-1.34
2025-03-28 11:30:00+00:00,New Delhi-8118,27.0,21.92,34.4,-0.15,-1.3,-1.39
2025-03-28 15:30:00+00:00,New Delhi-8118,36.0,24.47,55.98,-0.11,-0.72,0.51
2025-03-27 23:30:00+00:00,New Delhi-8118,46.0,23.55,32.68,-0.07,-0.93,-1.54
2025-03-28 19:30:00+00:00,New Delhi-8118,26.0,26.51,38.71,-0.16,-0.25,-1.01
2025-03-28 23:30:00+00:00,New Delhi-8118,46.0,25.54,58.01,-0.07,-0.47,0.69
2025-03-29 03:30:00+00:00,New Delhi-8118,73.0,21.29,43.39,0.06,-1.45,-0.6
2025-03-30 07:30:00+00:00,New Delhi-8118,18.0,27.01,50.48,-0.2,-0.14,0.02
2025-03-30 11:30:00+00:00,New Delhi-8118,14.0,21.19,61.89,-0.21,-1.47,1.03
2025-03-30 16:30:00+00:00,New Delhi-8118,53.0,25.03,63.41,-0.03,-0.59,1.16
2025-03-30 12:30:00+00:00,New Delhi-8118,17.0,29.25,61.16,-0.2,0.38,0.96
2025-03-30 20:30:00+00:00,New Delhi-8118,78.0,30.33,53.75,0.08,0.63,0.31
2025-03-31 00:30:00+00:00,New Delhi-8118,197.0,30.98,54.19,0.63,0.78,0.35
2025-03-31 05:30:00+00:00,New Delhi-8118,83.0,25.71,61.68,0.1,-0.43,1.01
2025-03-31 10:30:00+00:00,New Delhi-8118,9.0,33.41,56.71,-0.24,1.33,0.57
2025-03-31 14:30:00+00:00,New Delhi-8118,29.0,23.27,47.42,-0.15,-0.99,-0.24
2025-03-31 18:30:00+00:00,New Delhi-8118,74.0,34.55,64.52,0.06,1.59,1.26
2025-04-03 16:30:00+00:00,New Delhi-8118,52.0,25.96,40.7,-0.04,-0.38,-0.84
2025-04-03 19:30:00+00:00,New Delhi-8118,62.0,28.85,50.18,0.01,0.29,-0.0
2025-04-03 23:30:00+00:00,New Delhi-8118,94.0,32.97,65.58,0.16,1.23,1.35
2025-04-04 03:30:00+00:00,New Delhi-8118,145.0,31.34,37.17,0.39,0.86,-1.15
2025-04-04 07:30:00+00:00,New Delhi-8118,49.0,28.03,60.32,-0.05,0.1,0.89
2025-04-03 17:30:00+00:00,New Delhi-8118,57.0,23.99,47.38,-0.02,-0.83,-0.25
2025-04-03 20:30:00+00:00,New Delhi-8118,61.0,31.16,41.82,0.0,0.82,-0.74
2025-04-04 00:30:00+00:00,New Delhi-8118,97.0,32.36,38.06,0.17,1.09,-1.07
2025-04-04 04:30:00+00:00,New Delhi-8118,94.0,32.28,36.38,0.16,1.07,-1.22
2025-04-04 08:30:00+00:00,New Delhi-8118,42.0,30.86,47.13,-0.09,0.75,-0.27
2025-04-03 18:30:00+00:00,New Delhi-8118,56.0,27.31,59.46,-0.02,-0.07,0.82
2025-04-03 21:30:00+00:00,New Delhi-8118,83.0,28.66,58.12,0.1,0.24,0.7
2025-04-04 01:30:00+00:00,New Delhi-8118,107.0,32.58,48.27,0.22,1.14,-0.17
2025-04-04 05:30:00+00:00,New Delhi-8118,89.0,25.99,36.76,0.13,-0.37,-1.18
2025-04-04 09:30:00+00:00,New Delhi-8118,27.0,22.25,44.7,-0.15,-1.23,-0.48
2025-04-06 00:30:00+00:00,New Delhi-8118,150.0,31.11,64.51,0.41,0.81,1.26
2025-04-06 04:30:00+00:00,New Delhi-8118,72.0,20.2,55.13,0.05,-1.7,0.43
2025-04-06 08:30:00+00:00,New Delhi-8118,45.0,30.67,30.24,-0.07,0.7,-1.76
2025-04-06 12:30:00+00:00,New Delhi-8118,22.0,27.29,67.76,-0.18,-0.07,1.55
2025-04-06 16:30:00+00:00,New Delhi-8118,46.0,30.27,40.28,-0.07,0.61,-0.87
2025-04-06 01:30:00+00:00,New Delhi-8118,109.0,33.53,51.54,0.22,1.36,0.12
2025-04-06 05:30:00+00:00,New Delhi-8118,64.0,22.52,44.73,0.02,-1.17,-0.48
2025-04-06 09:30:00+00:00,New Delhi-8118,36.0,28.95,43.19,-0.11,0.31,-0.62
2025-04-06 13:30:00+00:00,New Delhi-8118,28.0,22.55,66.47,-0.15,-1.16,1.43
2025-04-06 17:30:00+00:00,New Delhi-8118,61.0,33.02,43.0,0.0,1.24,-0.63
2025-04-06 02:30:00+00:00,New Delhi-8118,96.0,32.77,35.78,0.16,1.19,-1.27
2025-04-06 06:30:00+00:00,New Delhi-8118,46.0,25.59,62.56,-0.07,-0.46,1.09
2025-04-06 10:30:00+00:00,New Delhi-8118,28.0,24.42,56.68,-0.15,-0.73,0.57
2025-04-06 14:30:00+00:00,New Delhi-8118,53.0,22.84,48.83,-0.03,-1.09,-0.12
2025-04-06 18:30:00+00:00,New Delhi-8118,73.0,31.12,59.55,0.06,0.81,0.82
2025-04-08 13:30:00+00:00,New Delhi-8118,80.0,30.6,60.38,0.09,0.69,0.9
2025-04-08 17:30:00+00:00,New Delhi-8118,100.0,24.31,59.68,0.18,-0.75,0.83
2025-04-08 20:30:00+00:00,New Delhi-8118,91.0,34.47,63.62,0.14,1.58,1.18
2025-04-09 00:30:00+00:00,New Delhi-8118,94.0,24.96,47.74,0.16,-0.61,-0.22
2025-04-09 04:30:00+00:00,New Delhi-8118,115.0,29.9,32.37,0.25,0.53,-1.57
2025-04-08 14:30:00+00:00,New Delhi-8118,89.0,23.41,48.6,0.13,-0.96,-0.14
2025-04-08 18:30:00+00:00,New Delhi-8118,98.0,24.1,52.55,0.17,-0.8,0.21
2025-04-08 21:30:00+00:00,New Delhi-8118,102.0,21.32,33.35,0.19,-1.44,-1.48
2025-04-09 01:30:00+00:00,New Delhi-8118,103.0,29.11,64.5,0.2,0.35,1.26
2025-04-09 05:30:00+00:00,New Delhi-8118,111.0,25.16,62.41,0.23,-0.56,1.07
2025-04-09 06:30:00+00:00,New Delhi-8118,102.0,24.7,57.79,0.19,-0.67,0.67
2025-04-09 10:30:00+00:00,New Delhi-8118,71.0,20.09,38.65,0.05,-1.72,-1.02
2025-04-09 14:30:00+00:00,New Delhi-8118,96.0,28.84,58.57,0.16,0.28,0.74
2025-04-09 18:30:00+00:00,New Delhi-8118,96.0,34.35,65.97,0.16,1.55,1.39
2025-04-09 21:30:00+00:00,New Delhi-8118,78.0,29.15,46.38,0.08,0.36,-0.34
2025-04-09 08:30:00+00:00,New Delhi-8118,84.0,31.33,68.44,0.11,0.86,1.61
2025-04-09 12:30:00+00:00,New Delhi-8118,70.0,23.27,62.38,0.04,-0.99,1.07
2025-04-09 16:30:00+00:00,New Delhi-8118,113.0,34.16,65.2,0.24,1.5,1.32
2025-04-09 19:30:00+00:00,New Delhi-8118,76.0,34.19,67.28,0.07,1.51,1.5
2025-04-09 23:30:00+00:00,New Delhi-8118,64.0,34.88,43.36,0.02,1.67,-0.6
2025-04-10 00:30:00+00:00,New Delhi-8118,70.0,20.51,67.47,0.04,-1.63,1.52
2025-04-10 04:30:00+00:00,New Delhi-8118,92.0,27.35,51.66,0.15,-0.06,0.13
2025-04-10 08:30:00+00:00,New Delhi-8118,65.0,33.48,49.79,0.02,1.35,-0.04
2025-04-10 12:30:00+00:00,New Delhi-8118,92.0,31.02,32.32,0.15,0.78,-1.57
2025-04-10 16:30:00+00:00,New Delhi-8118,42.0,30.17,47.48,-0.09,0.59,-0.24
2025-04-10 01:30:00+00:00,New Delhi-8118,84.0,23.32,54.61,0.11,-0.98,0.39
2025-04-10 05:30:00+00:00,New Delhi-8118,70.0,26.49,41.82,0.04,-0.25,-0.74
2025-04-10 09:30:00+00:00,New Delhi-8118,71.0,30.01,41.83,0.05,0.55,-0.74
2025-04-10 13:30:00+00:00,New Delhi-8118,63.0,28.83,52.16,0.01,0.28,0.17
2025-04-10 17:30:00+00:00,New Delhi-8118,33.0,27.06,45.92,-0.13,-0.12,-0.38
2025-04-12 21:30:00+00:00,New Delhi-8118,36.0,31.21,44.04,-0.11,0.83,-0.54
2025-04-13 01:30:00+00:00,New Delhi-8118,47.0,33.57,53.88,-0.06,1.37,0.32
2025-04-13 05:30:00+00:00,New Delhi-8118,59.0,30.16,38.44,-0.01,0.59,-1.04
2025-04-13 09:30:00+00:00,New Delhi-8118,46.0,26.46,34.09,-0.07,-0.26,-1.42
2025-04-13 13:30:00+00:00,New Delhi-8118,43.0,20.06,64.56,-0.08,-1.73,1.26
2025-04-13 14:30:00+00:00,New Delhi-8118,51.0,28.54,46.83,-0.04,0.22,-0.3
2025-04-13 18:30:00+00:00,New Delhi-8118,64.0,33.26,35.59,0.02,1.3,-1.29
2025-04-13 21:30:00+00:00,New Delhi-8118,82.0,20.72,61.57,0.1,-1.58,1.0
2025-04-14 01:30:00+00:00,New Delhi-8118,130.0,20.95,50.71,0.32,-1.53,0.04
2025-04-14 05:30:00+00:00,New Delhi-8118,68.0,32.3,52.42,0.04,1.08,0.2
2025-04-15 05:30:00+00:00,New Delhi-8118,77.0,26.12,52.64,0.08,-0.34,0.21
2025-04-15 09:30:00+00:00,New Delhi-8118,35.0,27.15,58.74,-0.12,-0.1,0.75
2025-04-15 13:30:00+00:00,New Delhi-8118,47.0,23.92,42.03,-0.06,-0.84,-0.72
2025-04-15 17:30:00+00:00,New Delhi-8118,66.0,31.34,56.46,0.03,0.86,0.55
2025-04-15 20:30:00+00:00,New Delhi-8118,68.0,29.49,68.28,0.04,0.43,1.59
2025-04-16 00:30:00+00:00,New Delhi-8118,74.0,30.94,35.96,0.06,0.77,-1.25
2025-04-16 04:30:00+00:00,New Delhi-8118,75.0,33.93,31.14,0.07,1.45,-1.68
2025-04-16 08:30:00+00:00,New Delhi-8118,90.0,31.34,68.23,0.14,0.86,1.59
2025-04-16 12:30:00+00:00,New Delhi-8118,65.0,30.75,33.76,0.02,0.72,-1.45
2025-04-16 16:30:00+00:00,New Delhi-8118,74.0,34.08,36.06,0.06,1.49,-1.24
2025-04-16 02:30:00+00:00,New Delhi-8118,154.0,27.21,62.47,0.43,-0.09,1.08
2025-04-16 06:30:00+00:00,New Delhi-8118,89.0,26.88,41.3,0.13,-0.17,-0.78
2025-04-16 10:30:00+00:00,New Delhi-8118,67.0,27.36,53.36,0.03,-0.05,0.28
2025-04-16 14:30:00+00:00,New Delhi-8118,73.0,27.49,55.46,0.06,-0.03,0.46
2025-04-16 18:30:00+00:00,New Delhi-8118,70.0,23.23,55.56,0.04,-1.0,0.47
2025-04-16 19:30:00+00:00,New Delhi-8118,80.0,25.47,30.57,0.09,-0.49,-1.73
2025-04-16 23:30:00+00:00,New Delhi-8118,121.0,30.78,66.96,0.28,0.73,1.48
2025-04-17 03:30:00+00:00,New Delhi-8118,62.0,25.03,65.66,0.01,-0.59,1.36
2025-04-17 07:30:00+00:00,New Delhi-8118,58.0,20.14,64.42,-0.01,-1.71,1.25
2025-04-17 11:30:00+00:00,New Delhi-8118,51.0,22.82,56.7,-0.04,-1.1,0.57
2025-04-18 10:30:00+00:00,New Delhi-8118,87.0,28.18,31.39,0.12,0.13,-1.66
2025-04-18 14:30:00+00:00,New Delhi-8118,88.0,27.54,47.85,0.13,-0.01,-0.21
2025-04-18 18:30:00+00:00,New Delhi-8118,39.0,23.15,64.53,-0.1,-1.02,1.26
2025-04-18 21:30:00+00:00,New Delhi-8118,31.0,33.21,36.19,-0.14,1.29,-1.23
2025-04-19 01:30:00+00:00,New Delhi-8118,53.0,25.13,51.55,-0.03,-0.57,0.12
2025-04-19 05:30:00+00:00,New Delhi-8118,93.0,24.68,43.93,0.15,-0.67,-0.55
2025-04-19 09:30:00+00:00,New Delhi-8118,69.0,31.69,43.62,0.04,0.94,-0.58
2025-04-19 13:30:00+00:00,New Delhi-8118,44.0,25.36,66.32,-0.08,-0.51,1.42
2025-04-19 17:30:00+00:00,New Delhi-8118,30.0,29.07,44.67,-0.14,0.34,-0.49
2025-04-19 20:30:00+00:00,New Delhi-8118,36.0,34.05,31.58,-0.11,1.48,-1.64
2025-04-20 19:30:00+00:00,New Delhi-8118,79.0,20.09,60.98,0.09,-1.72,0.95
2025-04-20 23:30:00+00:00,New Delhi-8118,83.0,28.01,37.01,0.1,0.09,-1.16
2025-04-21 03:30:00+00:00,New Delhi-8118,108.0,29.8,52.96,0.22,0.5,0.24
2025-04-21 07:30:00+00:00,New Delhi-8118,61.0,24.86,64.48,0.0,-0.63,1.26
2025-04-21 11:30:00+00:00,New Delhi-8118,40.0,20.89,39.78,-0.09,-1.54,-0.92
2025-04-23 04:30:00+00:00,New Delhi-8118,94.0,29.81,39.39,0.16,0.51,-0.95
2025-04-23 08:30:00+00:00,New Delhi-8118,44.0,31.75,48.79,-0.08,0.95,-0.12
2025-04-23 12:30:00+00:00,New Delhi-8118,51.0,30.66,45.2,-0.04,0.7,-0.44
2025-04-23 16:30:00+00:00,New Delhi-8118,71.0,27.16,56.76,0.05,-0.1,0.58
2025-04-23 19:30:00+00:00,New Delhi-8118,173.0,34.56,45.13,0.52,1.6,-0.45
2025-04-23 05:30:00+00:00,New Delhi-8118,64.0,26.55,38.04,0.02,-0.24,-1.07
2025-04-23 09:30:00+00:00,New Delhi-8118,54.0,30.15,55.4,-0.03,0.59,0.46
2025-04-23 13:30:00+00:00,New Delhi-8118,49.0,21.64,37.28,-0.05,-1.37,-1.14
2025-04-23 17:30:00+00:00,New Delhi-8118,76.0,23.53,51.63,0.07,-0.93,0.13
2025-04-23 20:30:00+00:00,New Delhi-8118,181.0,27.41,62.92,0.56,-0.04,1.12
2025-04-26 23:30:00+00:00,New Delhi-8118,110.0,22.15,30.73,0.23,-1.25,-1.71
2025-04-27 03:30:00+00:00,New Delhi-8118,113.0,30.41,30.76,0.24,0.64,-1.71
2025-04-27 07:30:00+00:00,New Delhi-8118,99.0,22.62,37.9,0.18,-1.14,-1.08
2025-04-27 11:30:00+00:00,New Delhi-8118,55.0,31.85,49.2,-0.02,0.97,-0.09
2025-04-27 15:30:00+00:00,New Delhi-8118,69.0,28.47,38.46,0.04,0.2,-1.03
2025-03-01 09:30:00+00:00,New Delhi-8118,62.0,27.81,62.34,0.01,0.05,1.07
2025-03-01 13:30:00+00:00,New Delhi-8118,44.0,34.19,69.26,-0.08,1.51,1.68
2025-03-01 17:30:00+00:00,New Delhi-8118,74.0,20.2,58.58,0.06,-1.7,0.74
2025-03-01 20:30:00+00:00,New Delhi-8118,72.0,26.92,38.66,0.05,-0.16,-1.02
2025-03-02 00:30:00+00:00,New Delhi-8118,53.0,26.05,69.57,-0.03,-0.36,1.7
2025-03-02 04:30:00+00:00,New Delhi-8118,61.0,30.72,39.45,0.0,0.72,-0.95
2025-03-02 08:30:00+00:00,New Delhi-8118,16.0,31.41,67.53,-0.21,0.87,1.53
2025-03-02 12:30:00+00:00,New Delhi-8118,19.0,26.12,60.01,-0.19,-0.34,0.86
2025-03-02 16:30:00+00:00,New Delhi-8118,49.0,34.51,46.0,-0.05,1.59,-0.37
2025-03-02 19:30:00+00:00,New Delhi-8118,84.0,29.13,58.74,0.11,0.35,0.75
2025-03-03 18:30:00+00:00,New Delhi-8118,70.0,29.69,35.73,0.04,0.48,-1.27
2025-03-03 21:30:00+00:00,New Delhi-8118,60.0,20.4,62.84,-0.0,-1.65,1.11
2025-03-04 01:30:00+00:00,New Delhi-8118,64.0,20.97,63.85,0.02,-1.52,1.2
2025-03-04 05:30:00+00:00,New Delhi-8118,58.0,22.92,36.94,-0.01,-1.07,-1.17
2025-03-04 09:30:00+00:00,New Delhi-8118,42.0,33.16,36.43,-0.09,1.28,-1.21
2025-03-04 12:30:00+00:00,New Delhi-8118,34.0,23.14,32.31,-0.12,-1.02,-1.57
2025-03-04 16:30:00+00:00,New Delhi-8118,35.0,34.2,69.29,-0.12,1.51,1.68
2025-03-04 19:30:00+00:00,New Delhi-8118,35.0,28.86,69.91,-0.12,0.29,1.73
2025-03-04 23:30:00+00:00,New Delhi-8118,30.0,27.22,39.05,-0.14,-0.09,-0.98
2025-03-05 03:30:00+00:00,New Delhi-8118,45.0,27.98,53.37,-0.07,0.09,0.28
2025-03-04 13:30:00+00:00,New Delhi-8118,32.0,21.65,49.22,-0.13,-1.36,-0.09
2025-03-04 17:30:00+00:00,New Delhi-8118,42.0,29.4,49.89,-0.09,0.41,-0.03
2025-03-04 20:30:00+00:00,New Delhi-8118,35.0,28.93,46.05,-0.12,0.31,-0.37
2025-03-05 00:30:00+00:00,New Delhi-8118,28.0,33.35,48.17,-0.15,1.32,-0.18
2025-03-05 04:30:00+00:00,New Delhi-8118,33.0,34.91,68.36,-0.13,1.68,1.6
2025-03-05 05:30:00+00:00,New Delhi-8118,33.0,20.65,38.73,-0.13,-1.59,-1.01
2025-03-05 09:30:00+00:00,New Delhi-8118,20.0,28.7,57.42,-0.19,0.25,0.64
2025-03-05 13:30:00+00:00,New Delhi-8118,23.0,22.32,30.74,-0.17,-1.21,-1.71
2025-03-05 17:30:00+00:00,New Delhi-8118,33.0,29.33,60.23,-0.13,0.4,0.88
2025-03-05 20:30:00+00:00,New Delhi-8118,47.0,23.19,58.91,-0.06,-1.01,0.77
2025-03-05 08:30:00+00:00,New Delhi-8118,15.0,32.28,49.54,-0.21,1.07,-0.06
2025-03-05 12:30:00+00:00,New Delhi-8118,14.0,29.67,37.13,-0.21,0.47,-1.15
2025-03-05 16:30:00+00:00,New Delhi-8118,33.0,24.3,69.11,-0.13,-0.76,1.66
2025-03-05 19:30:00+00:00,New Delhi-8118,50.0,21.42,48.74,-0.05,-1.42,-0.13
2025-03-05 23:30:00+00:00,New Delhi-8118,63.0,22.37,32.29,0.01,-1.2,-1.58
2025-03-13 02:30:00+00:00,New Delhi-8118,164.0,32.1,51.63,0.48,1.03,0.13
2025-03-13 07:30:00+00:00,New Delhi-8118,70.0,33.19,66.99,0.04,1.28,1.48
2025-03-13 12:30:00+00:00,New Delhi-8118,49.0,27.38,40.14,-0.05,-0.05,-0.89
2025-03-13 16:30:00+00:00,New Delhi-8118,58.0,31.96,69.71,-0.01,1.0,1.72
2025-03-13 18:30:00+00:00,New Delhi-8118,61.0,24.8,41.69,0.0,-0.64,-0.75
2025-03-14 19:30:00+00:00,New Delhi-8118,52.0,20.05,33.0,-0.04,-1.73,-1.51
2025-03-14 23:30:00+00:00,New Delhi-8118,16.0,33.35,44.49,-0.21,1.32,-0.5
2025-03-15 03:30:00+00:00,New Delhi-8118,19.0,33.23,60.41,-0.19,1.29,0.9
2025-03-15 07:30:00+00:00,New Delhi-8118,27.0,28.59,38.03,-0.15,0.23,-1.07
2025-03-15 11:30:00+00:00,New Delhi-8118,27.0,33.98,63.01,-0.15,1.46,1.13
2025-03-16 08:30:00+00:00,New Delhi-8118,27.0,27.67,46.14,-0.15,0.02,-0.36
2025-03-16 12:30:00+00:00,New Delhi-8118,17.0,32.74,33.93,-0.2,1.18,-1.43
2025-03-16 16:30:00+00:00,New Delhi-8118,44.0,28.85,40.7,-0.08,0.29,-0.84
2025-03-16 19:30:00+00:00,New Delhi-8118,41.0,32.82,30.14,-0.09,1.2,-1.77
2025-03-16 23:30:00+00:00,New Delhi-8118,54.0,30.43,69.96,-0.03,0.65,1.74
2025-03-16 10:30:00+00:00,New Delhi-8118,20.0,32.69,30.66,-0.19,1.17,-1.72
2025-03-16 14:30:00+00:00,New Delhi-8118,24.0,27.8,49.42,-0.17,0.05,-0.07
2025-03-16 18:30:00+00:00,New Delhi-8118,43.0,32.67,30.54,-0.08,1.16,-1.73
2025-03-16 21:30:00+00:00,New Delhi-8118,48.0,25.02,42.16,-0.06,-0.59,-0.71
2025-03-17 01:30:00+00:00,New Delhi-8118,97.0,31.79,50.64,0.17,0.96,0.04
2025-03-17 20:30:00+00:00,New Delhi-8118,55.0,21.38,32.12,-0.02,-1.43,-1.59
2025-03-18 00:30:00+00:00,New Delhi-8118,116.0,33.65,65.82,0.26,1.39,1.37
2025-03-18 04:30:00+00:00,New Delhi-8118,71.0,29.66,62.11,0.05,0.47,1.05
2025-03-18 08:30:00+00:00,New Delhi-8118,26.0,23.9,58.14,-0.16,-0.85,0.7
2025-03-18 12:30:00+00:00,New Delhi-8118,20.0,23.91,42.1,-0.19,-0.85,-0.71
2025-03-18 16:30:00+00:00,New Delhi-8118,62.0,22.3,32.26,0.01,-1.22,-1.58
2025-03-18 19:30:00+00:00,New Delhi-8118,83.0,27.31,62.81,0.1,-0.07,1.11
2025-03-18 23:30:00+00:00,New Delhi-8118,165.0,25.46,42.38,0.48,-0.49,-0.69
2025-03-19 03:30:00+00:00,New Delhi-8118,78.0,30.86,59.9,0.08,0.75,0.85
2025-03-19 07:30:00+00:00,New Delhi-8118,59.0,32.48,59.08,-0.01,1.12,0.78
2025-03-20 00:30:00+00:00,New Delhi-8118,76.0,31.53,53.86,0.07,0.9,0.32
2025-03-20 04:30:00+00:00,New Delhi-8118,87.0,23.72,43.73,0.12,-0.89,-0.57
2025-03-20 08:30:00+00:00,New Delhi-8118,26.0,24.87,67.72,-0.16,-0.63,1.54
2025-03-20 12:30:00+00:00,New Delhi-8118,13.0,33.22,51.52,-0.22,1.29,0.12
2025-03-20 16:30:00+00:00,New Delhi-8118,60.0,31.78,36.5,-0.0,0.96,-1.21
2025-03-27 13:30:00+00:00,New Delhi-8118,33.0,25.78,59.32,-0.13,-0.42,0.8
2025-03-27 21:30:00+00:00,New Delhi-8118,174.0,20.42,41.66,0.53,-1.65,-0.75
2025-03-28 04:30:00+00:00,New Delhi-8118,60.0,30.85,50.37,-0.0,0.75,0.01
2025-03-28 08:30:00+00:00,New Delhi-8118,35.0,20.9,48.3,-0.12,-1.54,-0.17
2025-03-28 12:30:00+00:00,New Delhi-8118,27.0,21.43,40.54,-0.15,-1.42,-0.85
2025-03-28 13:30:00+00:00,New Delhi-8118,32.0,28.15,40.48,-0.13,0.13,-0.86
2025-03-28 17:30:00+00:00,New Delhi-8118,26.0,24.49,62.68,-0.16,-0.71,1.1
2025-03-28 01:30:00+00:00,New Delhi-8118,53.0,33.88,63.88,-0.03,1.44,1.2
2025-03-28 21:30:00+00:00,New Delhi-8118,46.0,27.02,31.87,-0.07,-0.13,-1.61
2025-03-29 01:30:00+00:00,New Delhi-8118,48.0,24.11,45.8,-0.06,-0.8,-0.39
2025-04-02 20:30:00+00:00,New Delhi-8118,90.0,23.72,67.39,0.14,-0.89,1.51
2025-04-03 00:30:00+00:00,New Delhi-8118,74.0,21.41,45.71,0.06,-1.42,-0.4
2025-04-03 04:30:00+00:00,New Delhi-8118,97.0,23.68,64.3,0.17,-0.9,1.24
2025-04-03 08:30:00+00:00,New Delhi-8118,22.0,30.17,40.73,-0.18,0.59,-0.83
2025-04-03 12:30:00+00:00,New Delhi-8118,30.0,31.35,38.37,-0.14,0.86,-1.04
2025-04-02 21:30:00+00:00,New Delhi-8118,88.0,24.58,61.71,0.13,-0.69,1.01
2025-04-03 01:30:00+00:00,New Delhi-8118,88.0,29.76,58.7,0.13,0.5,0.75
2025-04-03 05:30:00+00:00,New Delhi-8118,68.0,25.32,61.17,0.04,-0.52,0.97
2025-04-03 09:30:00+00:00,New Delhi-8118,17.0,32.86,56.42,-0.2,1.21,0.55
2025-04-03 13:30:00+00:00,New Delhi-8118,30.0,28.04,50.41,-0.14,0.1,0.02
2025-04-04 13:30:00+00:00,New Delhi-8118,31.0,25.86,34.5,-0.14,-0.4,-1.38
2025-04-04 17:30:00+00:00,New Delhi-8118,48.0,30.61,33.89,-0.06,0.69,-1.44
2025-04-04 20:30:00+00:00,New Delhi-8118,43.0,34.52,66.94,-0.08,1.59,1.47
2025-04-05 00:30:00+00:00,New Delhi-8118,81.0,31.46,51.84,0.1,0.89,0.14
2025-04-05 04:30:00+00:00,New Delhi-8118,92.0,21.35,57.56,0.15,-1.43,0.65
2025-04-05 06:30:00+00:00,New Delhi-8118,69.0,26.86,59.23,0.04,-0.17,0.79
2025-04-05 10:30:00+00:00,New Delhi-8118,31.0,29.6,63.36,-0.14,0.46,1.16
2025-04-05 14:30:00+00:00,New Delhi-8118,33.0,32.93,52.65,-0.13,1.22,0.22
2025-04-05 18:30:00+00:00,New Delhi-8118,99.0,28.69,68.75,0.18,0.25,1.63
2025-04-05 21:30:00+00:00,New Delhi-8118,117.0,27.0,62.99,0.26,-0.14,1.13
2025-04-05 08:30:00+00:00,New Delhi-8118,40.0,31.16,64.03,-0.09,0.82,1.22
2025-04-05 12:30:00+00:00,New Delhi-8118,25.0,29.63,65.8,-0.16,0.47,1.37
2025-04-05 16:30:00+00:00,New Delhi-8118,67.0,21.21,66.77,0.03,-1.47,1.46
2025-04-05 19:30:00+00:00,New Delhi-8118,108.0,20.06,40.2,0.22,-1.73,-0.88
2025-04-05 23:30:00+00:00,New Delhi-8118,174.0,23.8,32.93,0.53,-0.87,-1.52
2025-04-10 18:30:00+00:00,New Delhi-8118,35.0,34.68,31.03,-0.12,1.62,-1.69
2025-04-10 21:30:00+00:00,New Delhi-8118,41.0,34.64,66.21,-0.09,1.61,1.41
2025-04-11 01:30:00+00:00,New Delhi-8118,54.0,26.94,38.47,-0.03,-0.15,-1.03
2025-04-11 05:30:00+00:00,New Delhi-8118,64.0,33.99,65.56,0.02,1.47,1.35
2025-04-11 09:30:00+00:00,New Delhi-8118,52.0,32.98,63.0,-0.04,1.23,1.13
2025-04-11 10:30:00+00:00,New Delhi-8118,28.0,27.68,52.29,-0.15,0.02,0.18
2025-04-11 14:30:00+00:00,New Delhi-8118,25.0,27.79,58.08,-0.16,0.04,0.69
2025-04-11 18:30:00+00:00,New Delhi-8118,36.0,23.88,44.13,-0.11,-0.85,-0.53
2025-04-11 21:30:00+00:00,New Delhi-8118,22.0,20.5,44.96,-0.18,-1.63,-0.46
2025-04-12 01:30:00+00:00,New Delhi-8118,42.0,29.34,36.59,-0.09,0.4,-1.2
2025-04-12 20:30:00+00:00,New Delhi-8118,36.0,20.72,42.96,-0.11,-1.58,-0.64
2025-04-13 00:30:00+00:00,New Delhi-8118,44.0,22.4,61.06,-0.08,-1.19,0.96
2025-04-13 04:30:00+00:00,New Delhi-8118,71.0,25.52,31.17,0.05,-0.48,-1.67
2025-04-13 08:30:00+00:00,New Delhi-8118,57.0,32.81,59.14,-0.02,1.2,0.79
2025-04-13 12:30:00+00:00,New Delhi-8118,48.0,33.91,41.18,-0.06,1.45,-0.79
2025-04-15 06:30:00+00:00,New Delhi-8118,44.0,25.5,55.87,-0.08,-0.48,0.5
2025-04-15 10:30:00+00:00,New Delhi-8118,32.0,26.12,41.52,-0.13,-0.34,-0.76
2025-04-15 14:30:00+00:00,New Delhi-8118,56.0,24.91,62.22,-0.02,-0.62,1.06
2025-04-15 18:30:00+00:00,New Delhi-8118,69.0,28.06,57.36,0.04,0.11,0.63
2025-04-15 21:30:00+00:00,New Delhi-8118,69.0,25.42,42.92,0.04,-0.5,-0.64
2025-04-18 09:30:00+00:00,New Delhi-8118,132.0,24.3,42.39,0.33,-0.76,-0.69
2025-04-18 13:30:00+00:00,New Delhi-8118,84.0,30.54,40.12,0.11,0.67,-0.89
2025-04-18 17:30:00+00:00,New Delhi-8118,52.0,23.08,55.3,-0.04,-1.04,0.45
2025-04-18 20:30:00+00:00,New Delhi-8118,33.0,34.31,30.84,-0.13,1.54,-1.7
2025-04-19 00:30:00+00:00,New Delhi-8118,44.0,20.62,33.55,-0.08,-1.6,-1.47
2025-04-19 06:30:00+00:00,New Delhi-8118,79.0,24.42,67.73,0.09,-0.73,1.54
2025-04-19 10:30:00+00:00,New Delhi-8118,63.0,30.91,52.7,0.01,0.76,0.22
2025-04-19 14:30:00+00:00,New Delhi-8118,32.0,23.19,48.99,-0.13,-1.01,-0.11
2025-04-19 18:30:00+00:00,New Delhi-8118,32.0,29.03,56.93,-0.13,0.33,0.59
2025-04-19 21:30:00+00:00,New Delhi-8118,36.0,32.44,49.99,-0.11,1.11,-0.02
2025-04-20 00:30:00+00:00,New Delhi-8118,36.0,23.87,36.42,-0.11,-0.86,-1.21
2025-04-20 04:30:00+00:00,New Delhi-8118,56.0,21.09,56.39,-0.02,-1.49,0.54
2025-04-20 08:30:00+00:00,New Delhi-8118,68.0,34.33,45.92,0.04,1.54,-0.38
2025-04-20 12:30:00+00:00,New Delhi-8118,52.0,32.47,57.59,-0.04,1.12,0.65
2025-04-20 16:30:00+00:00,New Delhi-8118,69.0,28.4,61.85,0.04,0.18,1.03
2025-04-20 01:30:00+00:00,New Delhi-8118,37.0,32.79,50.04,-0.11,1.19,-0.01
2025-04-20 05:30:00+00:00,New Delhi-8118,61.0,28.64,61.05,0.0,0.24,0.95
2025-04-20 09:30:00+00:00,New Delhi-8118,59.0,27.75,60.35,-0.01,0.03,0.89
2025-04-20 13:30:00+00:00,New Delhi-8118,51.0,34.0,37.55,-0.04,1.47,-1.11
2025-04-20 17:30:00+00:00,New Delhi-8118,73.0,20.11,64.06,0.06,-1.72,1.22
2025-04-20 02:30:00+00:00,New Delhi-8118,44.0,28.09,32.55,-0.08,0.11,-1.55
2025-04-20 06:30:00+00:00,New Delhi-8118,69.0,34.62,52.8,0.04,1.61,0.23
2025-04-20 10:30:00+00:00,New Delhi-8118,53.0,27.37,41.39,-0.03,-0.05,-0.78
2025-04-20 14:30:00+00:00,New Delhi-8118,61.0,21.33,67.92,0.0,-1.44,1.56
2025-04-20 18:30:00+00:00,New Delhi-8118,80.0,24.83,58.54,0.09,-0.64,0.73
2025-04-20 20:30:00+00:00,New Delhi-8118,72.0,29.29,34.82,0.05,0.39,-1.35
2025-04-21 00:30:00+00:00,New Delhi-8118,85.0,27.29,65.57,0.11,-0.07,1.35
2025-04-21 04:30:00+00:00,New Delhi-8118,85.0,34.54,50.21,0.11,1.59,0.0
2025-04-21 08:30:00+00:00,New Delhi-8118,55.0,26.06,41.0,-0.02,-0.35,-0.81
2025-04-21 12:30:00+00:00,New Delhi-8118,37.0,31.47,52.13,-0.11,0.89,0.17
2025-04-24 01:30:00+00:00,New Delhi-8118,121.0,25.03,56.87,0.28,-0.59,0.59
2025-04-24 05:30:00+00:00,New Delhi-8118,76.0,21.82,36.43,0.07,-1.33,-1.21
2025-04-24 09:30:00+00:00,New Delhi-8118,47.0,25.47,52.66,-0.06,-0.49,0.22
2025-04-24 13:30:00+00:00,New Delhi-8118,42.0,20.45,60.6,-0.09,-1.64,0.92
2025-04-24 17:30:00+00:00,New Delhi-8118,70.0,34.9,41.21,0.04,1.67,-0.79
2025-03-01 10:30:00+00:00,New Delhi-8118,57.0,33.55,50.9,-0.02,1.36,0.06
2025-03-01 14:30:00+00:00,New Delhi-8118,44.0,20.71,46.85,-0.08,-1.58,-0.29
2025-03-01 18:30:00+00:00,New Delhi-8118,75.0,33.07,64.89,0.07,1.25,1.29
2025-03-01 21:30:00+00:00,New Delhi-8118,71.0,23.09,45.3,0.05,-1.03,-0.43
2025-03-02 01:30:00+00:00,New Delhi-8118,50.0,25.54,43.12,-0.05,-0.47,-0.62
2025-03-01 12:30:00+00:00,New Delhi-8118,42.0,22.66,44.26,-0.09,-1.13,-0.52
2025-03-01 16:30:00+00:00,New Delhi-8118,62.0,33.7,44.7,0.01,1.4,-0.48
2025-03-01 19:30:00+00:00,New Delhi-8118,77.0,31.25,44.78,0.08,0.84,-0.48
2025-03-01 23:30:00+00:00,New Delhi-8118,55.0,28.58,50.24,-0.02,0.22,0.0
2025-03-02 03:30:00+00:00,New Delhi-8118,57.0,21.68,56.52,-0.02,-1.36,0.56
2025-03-05 06:30:00+00:00,New Delhi-8118,34.0,34.0,65.64,-0.12,1.47,1.36
2025-03-05 10:30:00+00:00,New Delhi-8118,17.0,23.31,42.63,-0.2,-0.98,-0.67
2025-03-05 14:30:00+00:00,New Delhi-8118,34.0,25.66,55.41,-0.12,-0.44,0.46
2025-03-05 18:30:00+00:00,New Delhi-8118,41.0,20.39,38.87,-0.09,-1.65,-1.0
2025-03-05 21:30:00+00:00,New Delhi-8118,52.0,33.7,62.05,-0.04,1.4,1.04
2025-03-12 06:30:00+00:00,New Delhi-8118,82.0,22.12,44.8,0.1,-1.26,-0.48
2025-03-12 10:30:00+00:00,New Delhi-8118,29.0,29.25,66.56,-0.15,0.38,1.44
2025-03-12 14:30:00+00:00,New Delhi-8118,50.0,26.02,61.33,-0.05,-0.36,0.98
2025-03-12 18:30:00+00:00,New Delhi-8118,71.0,24.09,65.36,0.05,-0.81,1.33
2025-03-12 21:30:00+00:00,New Delhi-8118,60.0,31.9,41.07,-0.0,0.99,-0.8
2025-03-15 16:30:00+00:00,New Delhi-8118,28.0,33.71,37.9,-0.15,1.4,-1.08
2025-03-15 19:30:00+00:00,New Delhi-8118,25.0,22.22,41.07,-0.16,-1.23,-0.8
2025-03-15 23:30:00+00:00,New Delhi-8118,56.0,29.63,56.1,-0.02,0.47,0.52
2025-03-16 03:30:00+00:00,New Delhi-8118,91.0,29.24,32.04,0.14,0.38,-1.6
2025-03-16 07:30:00+00:00,New Delhi-8118,38.0,26.75,59.46,-0.1,-0.19,0.82
2025-03-16 09:30:00+00:00,New Delhi-8118,25.0,25.46,61.74,-0.16,-0.49,1.02
2025-03-16 13:30:00+00:00,New Delhi-8118,18.0,30.48,57.51,-0.2,0.66,0.64
2025-03-16 17:30:00+00:00,New Delhi-8118,34.0,33.77,43.0,-0.12,1.42,-0.63
2025-03-16 20:30:00+00:00,New Delhi-8118,39.0,24.81,40.77,-0.1,-0.64,-0.83
2025-03-17 00:30:00+00:00,New Delhi-8118,93.0,33.2,33.31,0.15,1.28,-1.49
2025-03-17 19:30:00+00:00,New Delhi-8118,56.0,34.09,60.16,-0.02,1.49,0.88
2025-03-17 23:30:00+00:00,New Delhi-8118,94.0,22.67,55.07,0.16,-1.13,0.43
2025-03-18 03:30:00+00:00,New Delhi-8118,96.0,21.37,51.1,0.16,-1.43,0.08
2025-03-18 07:30:00+00:00,New Delhi-8118,34.0,25.88,43.2,-0.12,-0.39,-0.62
2025-03-18 11:30:00+00:00,New Delhi-8118,23.0,32.41,34.96,-0.17,1.1,-1.34
2025-03-19 08:30:00+00:00,New Delhi-8118,33.0,33.3,54.21,-0.13,1.31,0.35
2025-03-19 12:30:00+00:00,New Delhi-8118,28.0,31.48,47.3,-0.15,0.89,-0.26
2025-03-19 16:30:00+00:00,New Delhi-8118,48.0,20.32,36.68,-0.06,-1.67,-1.19
2025-03-19 19:30:00+00:00,New Delhi-8118,57.0,21.09,32.18,-0.02,-1.49,-1.59
2025-03-19 23:30:00+00:00,New Delhi-8118,63.0,29.95,53.74,0.01,0.54,0.31
2025-04-04 12:30:00+00:00,New Delhi-8118,29.0,32.06,41.46,-0.15,1.02,-0.77
2025-04-04 16:30:00+00:00,New Delhi-8118,59.0,24.2,35.66,-0.01,-0.78,-1.28
2025-04-04 19:30:00+00:00,New Delhi-8118,33.0,34.6,44.93,-0.13,1.61,-0.46
2025-04-04 23:30:00+00:00,New Delhi-8118,58.0,21.6,60.76,-0.01,-1.38,0.93
2025-04-05 03:30:00+00:00,New Delhi-8118,107.0,32.99,30.58,0.22,1.24,-1.73
2025-04-12 04:30:00+00:00,New Delhi-8118,83.0,24.73,40.07,0.1,-0.66,-0.89
2025-04-12 08:30:00+00:00,New Delhi-8118,59.0,26.54,53.5,-0.01,-0.24,0.29
2025-04-12 12:30:00+00:00,New Delhi-8118,42.0,33.29,54.53,-0.09,1.31,0.38
2025-04-12 16:30:00+00:00,New Delhi-8118,67.0,33.31,68.25,0.03,1.31,1.59
2025-04-12 19:30:00+00:00,New Delhi-8118,30.0,31.9,67.75,-0.14,0.99,1.54
2025-04-17 13:30:00+00:00,New Delhi-8118,60.0,22.72,57.43,-0.0,-1.12,0.64
2025-04-17 17:30:00+00:00,New Delhi-8118,90.0,30.4,30.79,0.14,0.64,-1.71
2025-04-17 20:30:00+00:00,New Delhi-8118,58.0,32.13,67.7,-0.01,1.04,1.54
2025-04-18 00:30:00+00:00,New Delhi-8118,64.0,29.24,32.47,0.02,0.38,-1.56
2025-04-18 04:30:00+00:00,New Delhi-8118,291.0,27.1,58.64,1.07,-0.11,0.74
2025-04-24 00:30:00+00:00,New Delhi-8118,112.0,29.71,63.4,0.24,0.48,1.16
2025-04-24 04:30:00+00:00,New Delhi-8118,88.0,31.47,32.9,0.13,0.89,-1.52
2025-04-24 08:30:00+00:00,New Delhi-8118,48.0,30.96,43.0,-0.06,0.77,-0.63
2025-04-24 12:30:00+00:00,New Delhi-8118,40.0,28.81,32.91,-0.09,0.28,-1.52
2025-04-24 16:30:00+00:00,New Delhi-8118,80.0,23.28,40.51,0.09,-0.99,-0.85
2025-03-06 01:30:00+00:00,New Delhi-8118,51.0,29.05,51.78,-0.04,0.33,0.14
2025-03-06 05:30:00+00:00,New Delhi-8118,51.0,26.37,66.72,-0.04,-0.28,1.45
2025-03-06 09:30:00+00:00,New Delhi-8118,19.0,32.09,30.6,-0.19,1.03,-1.73
2025-03-06 14:30:00+00:00,New Delhi-8118,43.0,28.3,34.02,-0.08,0.16,-1.42
2025-03-06 11:30:00+00:00,New Delhi-8118,17.0,25.0,61.38,-0.2,-0.6,0.98
2025-03-06 02:30:00+00:00,New Delhi-8118,52.0,25.6,41.61,-0.04,-0.46,-0.76
2025-03-06 06:30:00+00:00,New Delhi-8118,40.0,32.51,64.3,-0.09,1.13,1.24
2025-03-06 10:30:00+00:00,New Delhi-8118,18.0,29.69,69.1,-0.2,0.48,1.66
2025-03-06 16:30:00+00:00,New Delhi-8118,61.0,27.23,34.35,0.0,-0.08,-1.4
2025-03-06 15:30:00+00:00,New Delhi-8118,57.0,23.92,46.29,-0.02,-0.84,-0.34
2025-03-22 10:30:00+00:00,New Delhi-8118,25.0,26.82,49.55,-0.16,-0.18,-0.06
2025-03-22 14:30:00+00:00,New Delhi-8118,42.0,25.88,60.5,-0.09,-0.39,0.91
2025-03-22 18:30:00+00:00,New Delhi-8118,73.0,26.47,34.61,0.06,-0.26,-1.37
2025-03-22 21:30:00+00:00,New Delhi-8118,80.0,27.63,61.9,0.09,0.01,1.03
2025-03-23 01:30:00+00:00,New Delhi-8118,95.0,27.9,56.08,0.16,0.07,0.52
2025-04-02 22:30:00+00:00,New Delhi-8118,80.0,24.12,34.33,0.09,-0.8,-1.4
2025-04-03 02:30:00+00:00,New Delhi-8118,92.0,27.74,32.68,0.15,0.03,-1.54
2025-04-03 06:30:00+00:00,New Delhi-8118,40.0,33.08,58.52,-0.09,1.26,0.73
2025-04-03 10:30:00+00:00,New Delhi-8118,13.0,33.3,65.88,-0.22,1.31,1.38
2025-04-03 14:30:00+00:00,New Delhi-8118,59.0,21.3,58.5,-0.01,-1.45,0.73
2025-04-15 08:30:00+00:00,New Delhi-8118,36.0,31.35,52.94,-0.11,0.86,0.24
2025-04-15 12:30:00+00:00,New Delhi-8118,41.0,29.3,60.98,-0.09,0.39,0.95
2025-04-15 16:30:00+00:00,New Delhi-8118,68.0,31.76,38.36,0.04,0.95,-1.04
2025-04-15 19:30:00+00:00,New Delhi-8118,71.0,29.2,33.84,0.05,0.37,-1.44
2025-04-15 23:30:00+00:00,New Delhi-8118,69.0,30.23,50.1,0.04,0.6,-0.01
2025-04-21 14:30:00+00:00,New Delhi-8118,47.0,21.14,33.75,-0.06,-1.48,-1.45
2025-04-21 18:30:00+00:00,New Delhi-8118,78.0,28.56,38.26,0.08,0.22,-1.05
2025-04-21 21:30:00+00:00,New Delhi-8118,84.0,24.3,53.4,0.11,-0.76,0.28
2025-04-22 01:30:00+00:00,New Delhi-8118,69.0,31.27,47.16,0.04,0.84,-0.27
2025-04-22 06:30:00+00:00,New Delhi-8118,71.0,30.0,41.99,0.05,0.55,-0.72
2025-03-23 05:30:00+00:00,New Delhi-8118,52.0,20.4,35.72,-0.04,-1.65,-1.27
2025-03-23 09:30:00+00:00,New Delhi-8118,43.0,27.6,41.84,-0.08,0.0,-0.74
2025-03-23 13:30:00+00:00,New Delhi-8118,34.0,23.83,44.29,-0.12,-0.86,-0.52
2025-03-23 17:30:00+00:00,New Delhi-8118,77.0,25.54,40.2,0.08,-0.47,-0.88
2025-03-23 20:30:00+00:00,New Delhi-8118,90.0,32.3,40.94,0.14,1.08,-0.82
2025-03-23 06:30:00+00:00,New Delhi-8118,35.0,33.99,67.5,-0.12,1.47,1.52
2025-03-23 10:30:00+00:00,New Delhi-8118,40.0,30.16,35.76,-0.09,0.59,-1.27
2025-03-23 14:30:00+00:00,New Delhi-8118,49.0,21.2,40.12,-0.05,-1.47,-0.89
2025-03-23 18:30:00+00:00,New Delhi-8118,78.0,27.6,30.23,0.08,0.0,-1.76
2025-03-23 21:30:00+00:00,New Delhi-8118,94.0,28.24,52.7,0.16,0.15,0.22
2025-02-28 15:30:00+00:00,US Diplomatic Post: New Delhi-8118,56.0,34.83,38.16,-0.02,1.66,-1.06
2025-02-28 22:30:00+00:00,New Delhi-8118,58.0,29.5,33.85,-0.01,0.44,-1.44
2025-03-01 02:30:00+00:00,New Delhi-8118,51.0,33.25,66.03,-0.04,1.3,1.39
2025-03-01 06:30:00+00:00,New Delhi-8118,69.0,26.93,46.95,0.04,-0.15,-0.29
2025-03-10 22:30:00+00:00,New Delhi-8118,119.0,23.07,60.47,0.27,-1.04,0.9
2025-03-11 02:30:00+00:00,New Delhi-8118,147.0,25.77,54.38,0.4,-0.42,0.37
2025-03-11 07:30:00+00:00,New Delhi-8118,61.0,20.36,36.75,0.0,-1.66,-1.18
2025-03-11 11:30:00+00:00,New Delhi-8118,46.0,22.56,69.75,-0.07,-1.16,1.72
2025-03-25 11:30:00+00:00,New Delhi-8118,30.0,22.46,59.87,-0.14,-1.18,0.85
2025-03-25 15:30:00+00:00,New Delhi-8118,62.0,20.17,63.51,0.01,-1.7,1.17
2025-03-25 22:30:00+00:00,New Delhi-8118,134.0,25.73,44.64,0.34,-0.43,-0.49
2025-03-26 02:30:00+00:00,New Delhi-8118,162.0,25.26,54.32,0.47,-0.54,0.36
2025-04-07 22:30:00+00:00,New Delhi-8118,107.0,24.26,67.75,0.22,-0.77,1.54
2025-04-08 02:30:00+00:00,New Delhi-8118,120.0,30.38,62.53,0.28,0.64,1.09
2025-04-08 06:30:00+00:00,New Delhi-8118,88.0,26.87,33.15,0.13,-0.17,-1.5
2025-04-08 10:30:00+00:00,New Delhi-8118,64.0,22.09,63.44,0.02,-1.26,1.17
2025-03-08 11:30:00+00:00,New Delhi-8118,27.0,29.2,36.77,-0.15,0.37,-1.18
2025-03-08 15:30:00+00:00,New Delhi-8118,77.0,23.69,30.97,0.08,-0.9,-1.69
2025-03-09 00:30:00+00:00,New Delhi-8118,100.0,28.05,31.25,0.18,0.1,-1.67
2025-03-09 04:30:00+00:00,New Delhi-8118,138.0,23.38,50.65,0.36,-0.97,0.04
2025-03-18 15:30:00+00:00,New Delhi-8118,53.0,23.36,47.11,-0.03,-0.97,-0.27
2025-03-18 22:30:00+00:00,New Delhi-8118,148.0,28.34,39.3,0.41,0.17,-0.96
2025-03-19 02:30:00+00:00,New Delhi-8118,121.0,25.28,54.73,0.28,-0.53,0.4
2025-03-19 06:30:00+00:00,New Delhi-8118,85.0,24.98,51.48,0.11,-0.6,0.11
2025-03-20 22:30:00+00:00,New Delhi-8118,77.0,22.68,50.47,0.08,-1.13,0.02
2025-03-21 03:30:00+00:00,New Delhi-8118,128.0,28.67,50.15,0.31,0.25,-0.0
2025-03-21 09:30:00+00:00,New Delhi-8118,15.0,27.84,69.95,-0.21,0.06,1.74
2025-03-21 13:30:00+00:00,New Delhi-8118,24.0,32.94,65.39,-0.17,1.23,1.34
2025-04-09 07:30:00+00:00,New Delhi-8118,98.0,22.92,49.34,0.17,-1.07,-0.08
2025-04-09 11:30:00+00:00,New Delhi-8118,71.0,28.35,51.94,0.05,0.17,0.15
2025-04-09 15:30:00+00:00,New Delhi-8118,107.0,29.93,51.22,0.22,0.53,0.09
2025-04-09 22:30:00+00:00,New Delhi-8118,73.0,22.64,41.07,0.06,-1.14,-0.8
2025-04-24 22:30:00+00:00,New Delhi-8118,88.0,29.39,43.98,0.13,0.41,-0.55
2025-04-25 02:30:00+00:00,New Delhi-8118,94.0,28.03,38.62,0.16,0.1,-1.02
2025-04-25 06:30:00+00:00,New Delhi-8118,127.0,20.48,49.27,0.31,-1.63,-0.08
2025-04-25 10:30:00+00:00,New Delhi-8118,64.0,21.24,40.25,0.02,-1.46,-0.88
2025-04-26 07:30:00+00:00,New Delhi-8118,35.0,29.39,43.43,-0.12,0.41,-0.6
2025-04-26 11:30:00+00:00,New Delhi-8118,146.0,28.63,34.41,0.4,0.24,-1.39
2025-04-26 15:30:00+00:00,New Delhi-8118,104.0,21.29,41.17,0.2,-1.45,-0.79
2025-04-26 22:30:00+00:00,New Delhi-8118,55.0,32.57,58.41,-0.02,1.14,0.72
2025-03-01 11:30:00+00:00,New Delhi-8118,61.0,34.35,52.52,0.0,1.55,0.2
2025-03-01 15:30:00+00:00,New Delhi-8118,54.0,27.16,58.16,-0.03,-0.1,0.7
2025-03-01 22:30:00+00:00,New Delhi-8118,60.0,27.02,30.36,-0.0,-0.13,-1.75
2025-03-02 02:30:00+00:00,New Delhi-8118,45.0,32.42,39.72,-0.07,1.11,-0.92
2025-03-04 11:30:00+00:00,New Delhi-8118,33.0,30.55,47.35,-0.13,0.68,-0.25
2025-03-04 15:30:00+00:00,New Delhi-8118,36.0,29.04,30.48,-0.11,0.33,-1.74
2025-03-04 22:30:00+00:00,New Delhi-8118,39.0,34.06,63.67,-0.1,1.48,1.19
2025-03-05 02:30:00+00:00,New Delhi-8118,48.0,31.55,37.67,-0.06,0.91,-1.1
2025-03-09 05:30:00+00:00,New Delhi-8118,86.0,26.56,49.79,0.12,-0.24,-0.04
2025-03-09 09:30:00+00:00,New Delhi-8118,45.0,30.59,68.72,-0.07,0.69,1.63
2025-03-09 14:30:00+00:00,New Delhi-8118,62.0,28.99,62.16,0.01,0.32,1.05
2025-03-08 19:30:00+00:00,New Delhi-8118,90.0,22.21,40.93,0.14,-1.24,-0.82
2025-03-13 04:30:00+00:00,New Delhi-8118,137.0,22.74,43.6,0.35,-1.11,-0.58
2025-03-13 08:30:00+00:00,New Delhi-8118,62.0,24.69,51.56,0.01,-0.67,0.12
2025-03-13 13:30:00+00:00,New Delhi-8118,75.0,25.05,63.28,0.07,-0.58,1.15
2025-03-13 17:30:00+00:00,New Delhi-8118,57.0,20.54,39.12,-0.02,-1.62,-0.98
2025-03-17 22:30:00+00:00,New Delhi-8118,91.0,23.1,69.22,0.14,-1.03,1.67
2025-03-18 02:30:00+00:00,New Delhi-8118,100.0,34.68,42.54,0.18,1.62,-0.67
2025-03-18 06:30:00+00:00,New Delhi-8118,53.0,32.73,62.74,-0.03,1.18,1.1
2025-03-18 10:30:00+00:00,New Delhi-8118,22.0,33.36,60.57,-0.18,1.32,0.91
2025-03-21 18:30:00+00:00,New Delhi-8118,54.0,22.69,65.62,-0.03,-1.13,1.36
2025-03-21 22:30:00+00:00,New Delhi-8118,108.0,25.88,61.6,0.22,-0.39,1.0
2025-03-22 02:30:00+00:00,New Delhi-8118,76.0,29.14,43.56,0.07,0.35,-0.58
2025-03-22 06:30:00+00:00,New Delhi-8118,53.0,27.18,51.64,-0.03,-0.1,0.13
2025-03-22 11:30:00+00:00,New Delhi-8118,23.0,31.98,49.96,-0.17,1.0,-0.02
2025-03-22 15:30:00+00:00,New Delhi-8118,60.0,25.87,54.07,-0.0,-0.4,0.34
2025-03-22 22:30:00+00:00,New Delhi-8118,73.0,31.25,54.92,0.06,0.84,0.42
2025-03-23 02:30:00+00:00,New Delhi-8118,95.0,34.81,44.38,0.16,1.65,-0.51
2025-03-23 07:30:00+00:00,New Delhi-8118,32.0,27.19,59.36,-0.13,-0.09,0.81
2025-03-23 11:30:00+00:00,New Delhi-8118,34.0,31.74,47.89,-0.12,0.95,-0.2
2025-03-23 15:30:00+00:00,New Delhi-8118,62.0,32.98,59.72,0.01,1.23,0.84
2025-03-23 22:30:00+00:00,New Delhi-8118,108.0,34.84,39.34,0.22,1.66,-0.96
2025-03-26 03:30:00+00:00,New Delhi-8118,150.0,23.67,33.63,0.41,-0.9,-1.46
2025-03-26 07:30:00+00:00,New Delhi-8118,36.0,33.67,62.81,-0.11,1.39,1.11
2025-03-26 11:30:00+00:00,New Delhi-8118,20.0,22.17,59.01,-0.19,-1.25,0.78
2025-03-26 15:30:00+00:00,New Delhi-8118,74.0,26.95,64.59,0.06,-0.15,1.27
2025-03-28 14:30:00+00:00,New Delhi-8118,36.0,27.86,55.23,-0.11,0.06,0.44
2025-03-28 18:30:00+00:00,New Delhi-8118,24.0,28.47,40.71,-0.17,0.2,-0.84
2025-03-28 22:30:00+00:00,New Delhi-8118,49.0,34.44,67.49,-0.05,1.57,1.52
2025-03-29 02:30:00+00:00,New Delhi-8118,61.0,34.87,52.62,0.0,1.67,0.21
2025-03-29 07:30:00+00:00,New Delhi-8118,27.0,31.43,48.33,-0.15,0.88,-0.16
2025-03-29 11:30:00+00:00,New Delhi-8118,13.0,27.64,61.95,-0.22,0.01,1.03
2025-03-29 15:30:00+00:00,New Delhi-8118,38.0,31.36,61.72,-0.1,0.86,1.01
2025-03-29 22:30:00+00:00,New Delhi-8118,55.0,27.52,53.85,-0.02,-0.02,0.32
2025-04-02 03:30:00+00:00,New Delhi-8118,174.0,29.24,46.84,0.53,0.38,-0.3
2025-04-02 07:30:00+00:00,New Delhi-8118,56.0,33.78,51.99,-0.02,1.42,0.16
2025-04-02 11:30:00+00:00,New Delhi-8118,28.0,28.96,68.88,-0.15,0.31,1.64
2025-04-02 15:30:00+00:00,New Delhi-8118,55.0,28.58,51.6,-0.02,0.22,0.12
2025-04-16 22:30:00+00:00,New Delhi-8118,72.0,29.12,33.17,0.05,0.35,-1.5
2025-04-17 02:30:00+00:00,New Delhi-8118,60.0,29.06,33.32,-0.0,0.33,-1.49
2025-04-17 06:30:00+00:00,New Delhi-8118,54.0,21.02,34.97,-0.03,-1.51,-1.34
2025-04-17 10:30:00+00:00,New Delhi-8118,49.0,27.05,39.35,-0.05,-0.13,-0.95
2025-04-18 11:30:00+00:00,New Delhi-8118,65.0,21.97,54.07,0.02,-1.29,0.34
2025-04-18 15:30:00+00:00,New Delhi-8118,90.0,24.05,67.89,0.14,-0.81,1.56
2025-04-18 22:30:00+00:00,New Delhi-8118,29.0,33.29,30.22,-0.15,1.31,-1.76
2025-04-19 02:30:00+00:00,New Delhi-8118,60.0,24.04,51.86,-0.0,-0.82,0.15
2025-04-20 22:30:00+00:00,New Delhi-8118,84.0,20.54,46.85,0.11,-1.62,-0.29
2025-04-21 02:30:00+00:00,New Delhi-8118,99.0,31.63,31.52,0.18,0.92,-1.64
2025-04-21 06:30:00+00:00,New Delhi-8118,72.0,20.39,37.98,0.05,-1.65,-1.08
2025-04-21 10:30:00+00:00,New Delhi-8118,43.0,30.61,32.26,-0.08,0.69,-1.58
2025-03-02 07:30:00+00:00,New Delhi-8118,20.0,28.26,58.27,-0.19,0.15,0.71
2025-03-02 11:30:00+00:00,New Delhi-8118,20.0,24.73,36.31,-0.19,-0.66,-1.22
2025-03-02 15:30:00+00:00,New Delhi-8118,39.0,32.65,43.68,-0.1,1.16,-0.57
2025-03-02 22:30:00+00:00,New Delhi-8118,67.0,25.29,66.96,0.03,-0.53,1.48
2025-03-03 22:30:00+00:00,New Delhi-8118,47.0,20.0,47.37,-0.06,-1.74,-0.25
2025-03-04 02:30:00+00:00,New Delhi-8118,68.0,32.51,53.31,0.04,1.13,0.27
2025-03-04 06:30:00+00:00,New Delhi-8118,52.0,30.36,66.55,-0.04,0.63,1.44
2025-03-04 10:30:00+00:00,New Delhi-8118,33.0,20.88,67.23,-0.13,-1.54,1.5
2025-03-05 07:30:00+00:00,New Delhi-8118,30.0,34.34,47.12,-0.14,1.55,-0.27
2025-03-05 11:30:00+00:00,New Delhi-8118,16.0,24.97,34.6,-0.21,-0.6,-1.37
2025-03-05 15:30:00+00:00,New Delhi-8118,28.0,22.86,46.31,-0.15,-1.09,-0.34
2025-03-05 22:30:00+00:00,New Delhi-8118,59.0,34.92,56.19,-0.01,1.68,0.53
2025-04-04 11:30:00+00:00,New Delhi-8118,24.0,31.52,38.25,-0.17,0.9,-1.05
2025-04-04 15:30:00+00:00,New Delhi-8118,56.0,30.8,61.52,-0.02,0.73,1.0
2025-04-04 22:30:00+00:00,New Delhi-8118,41.0,27.62,58.73,-0.09,0.0,0.75
2025-04-05 02:30:00+00:00,New Delhi-8118,158.0,20.29,39.5,0.45,-1.68,-0.94
2025-04-05 07:30:00+00:00,New Delhi-8118,48.0,23.39,60.52,-0.06,-0.97,0.91
2025-04-05 11:30:00+00:00,New Delhi-8118,25.0,32.37,41.6,-0.16,1.09,-0.76
2025-04-05 15:30:00+00:00,New Delhi-8118,56.0,30.07,55.36,-0.02,0.57,0.45
2025-04-05 22:30:00+00:00,New Delhi-8118,147.0,33.1,62.48,0.4,1.26,1.08
2025-04-11 11:30:00+00:00,New Delhi-8118,47.0,20.77,43.81,-0.06,-1.57,-0.56
2025-04-11 15:30:00+00:00,New Delhi-8118,15.0,20.22,48.53,-0.21,-1.69,-0.15
2025-04-11 22:30:00+00:00,New Delhi-8118,25.0,28.65,47.34,-0.16,0.24,-0.25
2025-04-12 02:30:00+00:00,New Delhi-8118,45.0,31.6,39.38,-0.07,0.92,-0.95
2025-04-12 03:30:00+00:00,New Delhi-8118,52.0,33.4,68.91,-0.04,1.33,1.65
2025-04-12 07:30:00+00:00,New Delhi-8118,56.0,26.48,43.06,-0.02,-0.26,-0.63
2025-04-12 11:30:00+00:00,New Delhi-8118,47.0,26.26,54.04,-0.06,-0.31,0.34
2025-04-12 15:30:00+00:00,New Delhi-8118,56.0,26.67,68.61,-0.02,-0.21,1.62
2025-04-15 07:30:00+00:00,New Delhi-8118,35.0,26.86,65.27,-0.12,-0.17,1.33
2025-04-15 11:30:00+00:00,New Delhi-8118,38.0,30.64,61.22,-0.1,0.7,0.97
2025-04-15 15:30:00+00:00,New Delhi-8118,70.0,22.33,57.4,0.04,-1.21,0.63
2025-04-15 22:30:00+00:00,New Delhi-8118,71.0,21.89,33.24,0.05,-1.31,-1.49
2025-04-19 07:30:00+00:00,New Delhi-8118,76.0,29.64,57.24,0.07,0.47,0.62
2025-04-19 11:30:00+00:00,New Delhi-8118,59.0,33.13,48.43,-0.01,1.27,-0.16
2025-04-19 15:30:00+00:00,New Delhi-8118,43.0,23.81,68.54,-0.08,-0.87,1.61
2025-04-19 22:30:00+00:00,New Delhi-8118,31.0,26.36,54.94,-0.14,-0.28,0.42
2025-03-12 07:30:00+00:00,New Delhi-8118,66.0,25.5,39.1,0.03,-0.48,-0.98
2025-03-12 11:30:00+00:00,New Delhi-8118,34.0,33.91,61.64,-0.12,1.45,1.01
2025-03-12 15:30:00+00:00,New Delhi-8118,66.0,28.14,35.69,0.03,0.12,-1.28
2025-03-12 22:30:00+00:00,New Delhi-8118,60.0,24.56,55.86,-0.0,-0.7,0.5
2025-03-15 15:30:00+00:00,New Delhi-8118,27.0,30.04,48.0,-0.15,0.56,-0.19
2025-03-15 22:30:00+00:00,New Delhi-8118,51.0,22.5,33.47,-0.04,-1.17,-1.47
2025-03-16 02:30:00+00:00,New Delhi-8118,86.0,28.87,68.25,0.12,0.29,1.59
2025-03-16 06:30:00+00:00,New Delhi-8118,34.0,22.85,43.65,-0.12,-1.09,-0.58
2025-04-17 15:30:00+00:00,New Delhi-8118,79.0,34.7,59.38,0.09,1.63,0.81
2025-04-17 22:30:00+00:00,New Delhi-8118,61.0,20.22,47.4,0.0,-1.69,-0.25
2025-04-18 02:30:00+00:00,New Delhi-8118,75.0,21.55,39.64,0.07,-1.39,-0.93
2025-04-18 06:30:00+00:00,New Delhi-8118,90.0,21.39,60.8,0.14,-1.42,0.93
2025-02-28 18:30:00+00:00,US Diplomatic Post: New Delhi-8118,51.0,33.8,61.87,-0.04,1.42,1.03
2025-02-28 21:30:00+00:00,New Delhi-8118,59.0,25.36,54.75,-0.01,-0.51,0.4
2025-03-01 01:30:00+00:00,New Delhi-8118,46.0,30.61,46.9,-0.07,0.69,-0.29
2025-03-01 05:30:00+00:00,New Delhi-8118,56.0,25.47,57.58,-0.02,-0.49,0.65
2025-04-25 16:30:00+00:00,New Delhi-8118,80.0,25.37,30.63,0.09,-0.51,-1.72
2025-04-25 19:30:00+00:00,New Delhi-8118,110.0,29.36,33.47,0.23,0.4,-1.47
2025-04-25 23:30:00+00:00,New Delhi-8118,135.0,25.25,68.97,0.35,-0.54,1.65
2025-04-26 03:30:00+00:00,New Delhi-8118,183.0,27.86,40.49,0.57,0.06,-0.85
2025-03-11 17:30:00+00:00,New Delhi-8118,119.0,23.5,55.95,0.27,-0.94,0.51
2025-03-11 19:30:00+00:00,New Delhi-8118,119.0,24.6,41.59,0.27,-0.69,-0.76
2025-03-11 23:30:00+00:00,New Delhi-8118,163.0,23.06,46.68,0.47,-1.04,-0.31
2025-03-12 03:30:00+00:00,New Delhi-8118,214.0,25.97,41.97,0.71,-0.37,-0.72
2025-03-24 16:30:00+00:00,New Delhi-8118,76.0,33.76,51.2,0.07,1.41,0.09
2025-03-24 21:30:00+00:00,New Delhi-8118,120.0,26.79,38.57,0.28,-0.19,-1.02
2025-03-25 01:30:00+00:00,New Delhi-8118,138.0,33.92,38.66,0.36,1.45,-1.02
2025-03-25 05:30:00+00:00,New Delhi-8118,106.0,26.47,57.72,0.21,-0.26,0.66
2025-04-24 21:30:00+00:00,New Delhi-8118,80.0,34.48,35.89,0.09,1.58,-1.26
2025-04-25 01:30:00+00:00,New Delhi-8118,112.0,33.51,57.19,0.24,1.36,0.62
2025-04-25 05:30:00+00:00,New Delhi-8118,164.0,22.73,55.02,0.48,-1.12,0.42
2025-04-25 09:30:00+00:00,New Delhi-8118,54.0,30.57,46.26,-0.03,0.68,-0.35
2025-03-08 12:30:00+00:00,New Delhi-8118,41.0,22.54,45.17,-0.09,-1.16,-0.44
2025-03-08 16:30:00+00:00,New Delhi-8118,72.0,20.12,45.52,0.05,-1.72,-0.41
2025-03-08 21:30:00+00:00,New Delhi-8118,88.0,27.44,50.37,0.13,-0.04,0.01
2025-03-09 01:30:00+00:00,New Delhi-8118,118.0,27.57,34.43,0.27,-0.01,-1.39
2025-03-24 01:30:00+00:00,New Delhi-8118,104.0,20.57,64.49,0.2,-1.61,1.26
2025-03-24 06:30:00+00:00,New Delhi-8118,36.0,29.58,58.06,-0.11,0.45,0.69
2025-03-24 10:30:00+00:00,New Delhi-8118,18.0,25.88,57.18,-0.2,-0.39,0.61
2025-03-24 14:30:00+00:00,New Delhi-8118,60.0,27.35,42.03,-0.0,-0.06,-0.72
2025-03-31 03:30:00+00:00,New Delhi-8118,170.0,28.48,48.53,0.51,0.2,-0.15
2025-03-31 08:30:00+00:00,New Delhi-8118,21.0,31.44,69.65,-0.18,0.88,1.71
2025-03-31 12:30:00+00:00,New Delhi-8118,29.0,20.62,38.58,-0.15,-1.6,-1.02
2025-03-31 16:30:00+00:00,New Delhi-8118,50.0,20.58,49.52,-0.05,-1.61,-0.06
2025-03-31 19:30:00+00:00,New Delhi-8118,58.0,22.59,42.88,-0.01,-1.15,-0.64
2025-03-31 23:30:00+00:00,New Delhi-8118,80.0,34.64,35.17,0.09,1.61,-1.32
2025-04-01 03:30:00+00:00,New Delhi-8118,136.0,28.15,65.34,0.35,0.13,1.33
2025-04-01 07:30:00+00:00,New Delhi-8118,25.0,29.63,48.15,-0.16,0.47,-0.18
2025-04-04 14:30:00+00:00,New Delhi-8118,44.0,28.13,54.46,-0.08,0.12,0.37
2025-04-04 18:30:00+00:00,New Delhi-8118,45.0,26.42,55.69,-0.07,-0.27,0.48
2025-04-04 21:30:00+00:00,New Delhi-8118,41.0,33.53,44.56,-0.09,1.36,-0.5
2025-04-05 01:30:00+00:00,New Delhi-8118,143.0,32.13,55.77,0.38,1.04,0.49
2025-04-08 16:30:00+00:00,New Delhi-8118,105.0,29.83,33.77,0.21,0.51,-1.45
2025-04-08 19:30:00+00:00,New Delhi-8118,94.0,29.59,58.94,0.16,0.46,0.77
2025-04-08 23:30:00+00:00,New Delhi-8118,96.0,28.14,57.79,0.16,0.12,0.67
2025-04-09 03:30:00+00:00,New Delhi-8118,109.0,24.4,42.56,0.22,-0.73,-0.67
2025-04-11 13:30:00+00:00,New Delhi-8118,109.0,34.24,45.47,0.22,1.52,-0.42
2025-04-11 17:30:00+00:00,New Delhi-8118,27.0,20.36,44.32,-0.15,-1.66,-0.52
2025-04-11 20:30:00+00:00,New Delhi-8118,30.0,27.67,52.48,-0.14,0.02,0.2
2025-04-12 00:30:00+00:00,New Delhi-8118,43.0,23.77,35.84,-0.08,-0.88,-1.26
2025-04-13 17:30:00+00:00,New Delhi-8118,79.0,23.73,64.66,0.09,-0.89,1.27
2025-04-13 20:30:00+00:00,New Delhi-8118,83.0,21.94,31.09,0.1,-1.3,-1.68
2025-04-14 00:30:00+00:00,New Delhi-8118,109.0,31.94,66.45,0.22,1.0,1.43
2025-04-14 04:30:00+00:00,New Delhi-8118,96.0,26.76,30.41,0.16,-0.19,-1.74
2025-04-26 08:30:00+00:00,New Delhi-8118,31.0,23.53,44.42,-0.14,-0.93,-0.51
2025-04-26 12:30:00+00:00,New Delhi-8118,213.0,26.36,53.83,0.71,-0.28,0.32
2025-04-26 16:30:00+00:00,New Delhi-8118,98.0,22.81,52.18,0.17,-1.1,0.17
2025-04-26 19:30:00+00:00,New Delhi-8118,83.0,22.19,52.55,0.1,-1.24,0.21
2025-03-08 13:30:00+00:00,New Delhi-8118,36.0,28.06,42.13,-0.11,0.11,-0.71
2025-03-08 17:30:00+00:00,New Delhi-8118,63.0,23.17,39.36,0.01,-1.02,-0.95
2025-03-08 22:30:00+00:00,New Delhi-8118,86.0,31.71,59.1,0.12,0.94,0.78
2025-03-09 02:30:00+00:00,New Delhi-8118,117.0,27.71,54.31,0.26,0.03,0.36
2025-03-15 18:30:00+00:00,New Delhi-8118,26.0,34.79,52.34,-0.16,1.65,0.19
2025-03-15 20:30:00+00:00,New Delhi-8118,78.0,33.09,43.53,0.08,1.26,-0.59
2025-03-16 00:30:00+00:00,New Delhi-8118,67.0,34.51,69.09,0.03,1.59,1.66
2025-03-16 04:30:00+00:00,New Delhi-8118,64.0,31.87,65.22,0.02,0.98,1.32
2025-03-15 17:30:00+00:00,New Delhi-8118,29.0,33.79,60.04,-0.15,1.42,0.87
2025-03-15 21:30:00+00:00,New Delhi-8118,69.0,28.19,30.55,0.04,0.14,-1.73
2025-03-16 01:30:00+00:00,New Delhi-8118,69.0,30.91,52.45,0.04,0.76,0.2
2025-03-16 05:30:00+00:00,New Delhi-8118,66.0,34.89,32.68,0.03,1.67,-1.54
2025-03-17 04:30:00+00:00,New Delhi-8118,75.0,25.62,59.89,0.07,-0.45,0.85
2025-03-17 08:30:00+00:00,New Delhi-8118,38.0,30.82,36.37,-0.1,0.74,-1.22
2025-03-17 12:30:00+00:00,New Delhi-8118,33.0,34.22,56.43,-0.13,1.52,0.55
2025-03-17 16:30:00+00:00,New Delhi-8118,45.0,31.16,34.21,-0.07,0.82,-1.41
2025-03-17 05:30:00+00:00,New Delhi-8118,45.0,25.25,41.86,-0.07,-0.54,-0.73
2025-03-17 09:30:00+00:00,New Delhi-8118,35.0,25.86,60.36,-0.12,-0.4,0.89
2025-03-17 13:30:00+00:00,New Delhi-8118,32.0,24.84,43.63,-0.13,-0.63,-0.58
2025-03-17 17:30:00+00:00,New Delhi-8118,56.0,34.52,56.88,-0.02,1.59,0.59
2025-03-19 09:30:00+00:00,New Delhi-8118,24.0,25.69,59.67,-0.17,-0.44,0.83
2025-03-19 13:30:00+00:00,New Delhi-8118,29.0,29.62,40.39,-0.15,0.46,-0.86
2025-03-19 17:30:00+00:00,New Delhi-8118,50.0,34.54,44.18,-0.05,1.59,-0.53
2025-03-19 20:30:00+00:00,New Delhi-8118,61.0,24.29,47.96,0.0,-0.76,-0.2
2025-03-19 10:30:00+00:00,New Delhi-8118,19.0,20.12,54.86,-0.19,-1.72,0.41
2025-03-19 14:30:00+00:00,New Delhi-8118,50.0,28.57,63.57,-0.05,0.22,1.18
2025-03-19 18:30:00+00:00,New Delhi-8118,58.0,32.38,69.55,-0.01,1.1,1.7
2025-03-19 21:30:00+00:00,New Delhi-8118,52.0,34.62,69.37,-0.04,1.61,1.69
2025-03-20 03:30:00+00:00,New Delhi-8118,122.0,28.22,65.05,0.28,0.14,1.31
2025-03-20 07:30:00+00:00,New Delhi-8118,36.0,25.78,33.66,-0.11,-0.42,-1.46
2025-03-20 11:30:00+00:00,New Delhi-8118,16.0,24.3,40.23,-0.21,-0.76,-0.88
2025-03-20 15:30:00+00:00,New Delhi-8118,45.0,24.75,65.66,-0.07,-0.65,1.36
2025-03-20 20:30:00+00:00,New Delhi-8118,68.0,26.95,54.28,0.04,-0.15,0.36
2025-03-21 00:30:00+00:00,New Delhi-8118,180.0,26.04,42.69,0.55,-0.36,-0.66
2025-03-21 06:30:00+00:00,New Delhi-8118,51.0,31.4,69.68,-0.04,0.87,1.71
2025-03-21 11:30:00+00:00,New Delhi-8118,18.0,23.02,40.49,-0.2,-1.05,-0.85
2025-03-20 21:30:00+00:00,New Delhi-8118,73.0,32.9,40.58,0.06,1.22,-0.85
2025-03-21 01:30:00+00:00,New Delhi-8118,161.0,33.99,68.63,0.47,1.47,1.62
2025-03-21 07:30:00+00:00,New Delhi-8118,28.0,28.99,66.93,-0.15,0.32,1.47
2025-03-21 12:30:00+00:00,New Delhi-8118,20.0,27.03,36.41,-0.19,-0.13,-1.21
2025-03-23 08:30:00+00:00,New Delhi-8118,37.0,26.92,46.36,-0.11,-0.16,-0.34
2025-03-23 12:30:00+00:00,New Delhi-8118,33.0,33.34,68.59,-0.13,1.32,1.62
2025-03-23 16:30:00+00:00,New Delhi-8118,73.0,31.89,56.69,0.06,0.98,0.57
2025-03-23 19:30:00+00:00,New Delhi-8118,85.0,22.26,42.01,0.11,-1.22,-0.72
2025-03-25 12:30:00+00:00,New Delhi-8118,35.0,31.21,34.34,-0.12,0.83,-1.4
2025-03-25 16:30:00+00:00,New Delhi-8118,82.0,20.9,51.6,0.1,-1.54,0.12
2025-03-25 19:30:00+00:00,New Delhi-8118,120.0,26.18,36.22,0.28,-0.33,-1.23
2025-03-25 23:30:00+00:00,New Delhi-8118,140.0,32.77,49.27,0.37,1.19,-0.08
2025-03-28 16:30:00+00:00,New Delhi-8118,30.0,25.29,53.71,-0.14,-0.53,0.31
2025-03-28 00:30:00+00:00,New Delhi-8118,44.0,20.29,31.16,-0.08,-1.68,-1.68
2025-03-28 20:30:00+00:00,New Delhi-8118,41.0,29.19,42.51,-0.09,0.36,-0.68
2025-03-29 00:30:00+00:00,New Delhi-8118,37.0,24.93,42.32,-0.11,-0.61,-0.69
2025-03-31 01:30:00+00:00,New Delhi-8118,163.0,23.16,37.05,0.47,-1.02,-1.16
2025-03-31 07:30:00+00:00,New Delhi-8118,35.0,34.73,65.52,-0.12,1.64,1.35
2025-03-31 11:30:00+00:00,New Delhi-8118,8.0,27.18,46.09,-0.24,-0.1,-0.36
2025-03-31 15:30:00+00:00,New Delhi-8118,41.0,25.42,40.38,-0.09,-0.5,-0.86
2025-04-01 12:30:00+00:00,New Delhi-8118,23.0,22.0,33.82,-0.17,-1.28,-1.44
2025-04-01 16:30:00+00:00,New Delhi-8118,65.0,25.35,61.49,0.02,-0.52,0.99
2025-04-01 19:30:00+00:00,New Delhi-8118,110.0,30.4,65.43,0.23,0.64,1.34
2025-04-01 23:30:00+00:00,New Delhi-8118,107.0,26.56,48.97,0.22,-0.24,-0.11
2025-04-09 09:30:00+00:00,New Delhi-8118,76.0,27.27,61.2,0.07,-0.08,0.97
2025-04-09 13:30:00+00:00,New Delhi-8118,83.0,28.17,68.68,0.1,0.13,1.63
2025-04-09 17:30:00+00:00,New Delhi-8118,115.0,33.85,62.22,0.25,1.43,1.06
2025-04-09 20:30:00+00:00,New Delhi-8118,84.0,33.85,56.76,0.11,1.43,0.58
2025-04-10 02:30:00+00:00,New Delhi-8118,148.0,34.52,55.97,0.41,1.59,0.51
2025-04-10 06:30:00+00:00,New Delhi-8118,50.0,28.27,39.19,-0.05,0.15,-0.97
2025-04-10 10:30:00+00:00,New Delhi-8118,58.0,29.52,51.0,-0.01,0.44,0.07
2025-04-10 14:30:00+00:00,New Delhi-8118,35.0,27.45,42.25,-0.12,-0.03,-0.7
2025-04-10 03:30:00+00:00,New Delhi-8118,96.0,24.31,53.11,0.16,-0.75,0.26
2025-04-10 07:30:00+00:00,New Delhi-8118,58.0,29.39,50.03,-0.01,0.41,-0.01
2025-04-10 11:30:00+00:00,New Delhi-8118,56.0,26.48,31.79,-0.02,-0.26,-1.62
2025-04-10 15:30:00+00:00,New Delhi-8118,26.0,30.17,64.66,-0.16,0.59,1.27
2025-04-12 06:30:00+00:00,New Delhi-8118,67.0,32.39,32.64,0.03,1.1,-1.55
2025-04-12 10:30:00+00:00,New Delhi-8118,46.0,32.19,44.92,-0.07,1.05,-0.46
2025-04-12 14:30:00+00:00,New Delhi-8118,54.0,31.64,43.83,-0.03,0.93,-0.56
2025-04-12 18:30:00+00:00,New Delhi-8118,53.0,28.77,56.78,-0.03,0.27,0.58
2025-04-12 22:30:00+00:00,New Delhi-8118,38.0,33.26,57.82,-0.1,1.3,0.67
2025-04-13 02:30:00+00:00,New Delhi-8118,63.0,29.14,56.85,0.01,0.35,0.59
2025-04-13 06:30:00+00:00,New Delhi-8118,60.0,27.98,67.87,-0.0,0.09,1.56
2025-04-13 10:30:00+00:00,New Delhi-8118,43.0,25.13,41.38,-0.08,-0.57,-0.78
2025-04-12 23:30:00+00:00,New Delhi-8118,41.0,23.03,62.89,-0.09,-1.05,1.12
2025-04-13 03:30:00+00:00,New Delhi-8118,60.0,24.65,49.34,-0.0,-0.68,-0.08
2025-04-13 07:30:00+00:00,New Delhi-8118,39.0,27.35,60.54,-0.1,-0.06,0.91
2025-04-13 11:30:00+00:00,New Delhi-8118,51.0,25.63,39.88,-0.04,-0.45,-0.91
2025-04-13 16:30:00+00:00,New Delhi-8118,78.0,29.94,37.68,0.08,0.54,-1.1
2025-04-13 19:30:00+00:00,New Delhi-8118,74.0,24.89,34.24,0.06,-0.62,-1.4
2025-04-13 23:30:00+00:00,New Delhi-8118,87.0,25.63,64.39,0.12,-0.45,1.25
2025-04-14 03:30:00+00:00,New Delhi-8118,99.0,27.55,34.53,0.18,-0.01,-1.38
2025-04-16 03:30:00+00:00,New Delhi-8118,94.0,24.22,69.62,0.16,-0.78,1.71
2025-04-16 07:30:00+00:00,New Delhi-8118,132.0,22.21,49.89,0.33,-1.24,-0.03
2025-04-16 11:30:00+00:00,New Delhi-8118,69.0,20.09,51.41,0.04,-1.72,0.11
2025-04-16 15:30:00+00:00,New Delhi-8118,77.0,28.5,59.62,0.08,0.21,0.83
2025-04-20 03:30:00+00:00,New Delhi-8118,46.0,32.58,42.13,-0.07,1.14,-0.71
2025-04-20 07:30:00+00:00,New Delhi-8118,73.0,28.87,64.39,0.06,0.29,1.25
2025-04-20 11:30:00+00:00,New Delhi-8118,56.0,25.19,54.59,-0.02,-0.55,0.39
2025-04-20 15:30:00+00:00,New Delhi-8118,65.0,28.84,35.05,0.02,0.28,-1.33
2025-04-26 09:30:00+00:00,New Delhi-8118,47.0,23.09,33.86,-0.06,-1.03,-1.44
2025-04-26 13:30:00+00:00,New Delhi-8118,104.0,28.73,44.32,0.2,0.26,-0.52
2025-04-26 17:30:00+00:00,New Delhi-8118,97.0,20.89,52.63,0.17,-1.54,0.21
2025-04-26 20:30:00+00:00,New Delhi-8118,59.0,21.55,56.1,-0.01,-1.39,0.52
2025-04-27 02:30:00+00:00,New Delhi-8118,128.0,26.3,43.7,0.31,-0.3,-0.57
2025-04-27 06:30:00+00:00,New Delhi-8118,109.0,26.16,53.05,0.22,-0.33,0.25
2025-04-27 10:30:00+00:00,New Delhi-8118,57.0,30.29,65.33,-0.02,0.62,1.33
2025-04-27 14:30:00+00:00,New Delhi-8118,63.0,26.11,55.73,0.01,-0.34,0.49
2025-03-03 02:30:00+00:00,New Delhi-8118,65.0,24.0,31.58,0.02,-0.83,-1.64
2025-03-03 06:30:00+00:00,New Delhi-8118,52.0,26.82,36.54,-0.04,-0.18,-1.2
2025-03-03 10:30:00+00:00,New Delhi-8118,41.0,29.76,37.69,-0.09,0.5,-1.1
2025-03-03 14:30:00+00:00,New Delhi-8118,50.0,20.09,54.01,-0.05,-1.72,0.34
2025-03-03 19:30:00+00:00,New Delhi-8118,76.0,24.01,55.21,0.07,-0.82,0.44
2025-03-03 23:30:00+00:00,New Delhi-8118,50.0,23.25,62.2,-0.05,-1.0,1.06
2025-03-04 03:30:00+00:00,New Delhi-8118,67.0,31.16,50.77,0.03,0.82,0.05
2025-03-04 07:30:00+00:00,New Delhi-8118,47.0,28.63,43.06,-0.06,0.24,-0.63
2025-03-03 20:30:00+00:00,New Delhi-8118,82.0,29.11,59.57,0.1,0.35,0.82
2025-03-04 00:30:00+00:00,New Delhi-8118,59.0,25.8,44.43,-0.01,-0.41,-0.51
2025-03-04 04:30:00+00:00,New Delhi-8118,56.0,20.99,63.65,-0.02,-1.52,1.18
2025-03-04 08:30:00+00:00,New Delhi-8118,46.0,24.83,43.63,-0.07,-0.64,-0.58
2025-03-04 14:30:00+00:00,New Delhi-8118,28.0,20.8,59.06,-0.15,-1.56,0.78
2025-03-04 18:30:00+00:00,New Delhi-8118,35.0,26.64,52.15,-0.12,-0.22,0.17
2025-03-04 21:30:00+00:00,New Delhi-8118,35.0,32.24,43.24,-0.12,1.06,-0.61
2025-03-05 01:30:00+00:00,New Delhi-8118,34.0,20.77,69.57,-0.12,-1.57,1.7
2025-03-06 03:30:00+00:00,New Delhi-8118,68.0,28.85,63.42,0.04,0.29,1.16
2025-03-06 07:30:00+00:00,New Delhi-8118,37.0,21.6,32.77,-0.11,-1.38,-1.53
2025-03-06 12:30:00+00:00,New Delhi-8118,10.0,24.47,61.84,-0.23,-0.72,1.02
2025-03-06 17:30:00+00:00,New Delhi-8118,76.0,28.23,45.58,0.07,0.14,-0.41
2025-03-09 07:30:00+00:00,New Delhi-8118,61.0,24.17,53.26,0.0,-0.79,0.27
2025-03-09 12:30:00+00:00,New Delhi-8118,48.0,33.59,66.5,-0.06,1.37,1.43
2025-03-09 16:30:00+00:00,New Delhi-8118,79.0,26.77,40.31,0.09,-0.19,-0.87
2025-03-08 20:30:00+00:00,New Delhi-8118,93.0,24.71,58.42,0.15,-0.66,0.72
2025-03-09 08:30:00+00:00,New Delhi-8118,51.0,25.04,46.87,-0.04,-0.59,-0.29
2025-03-09 13:30:00+00:00,New Delhi-8118,56.0,32.8,67.25,-0.02,1.19,1.5
2025-03-09 17:30:00+00:00,New Delhi-8118,88.0,33.13,68.93,0.13,1.27,1.65
2025-03-09 10:30:00+00:00,New Delhi-8118,40.0,28.55,39.75,-0.09,0.22,-0.92
2025-03-12 09:30:00+00:00,New Delhi-8118,29.0,30.62,34.26,-0.15,0.69,-1.4
2025-03-12 13:30:00+00:00,New Delhi-8118,42.0,30.89,42.05,-0.09,0.75,-0.72
2025-03-12 17:30:00+00:00,New Delhi-8118,81.0,23.54,34.45,0.1,-0.93,-1.39
2025-03-12 20:30:00+00:00,New Delhi-8118,60.0,29.58,59.9,-0.0,0.45,0.85
2025-03-17 03:30:00+00:00,New Delhi-8118,110.0,28.73,50.8,0.23,0.26,0.05
2025-03-17 07:30:00+00:00,New Delhi-8118,40.0,32.5,55.35,-0.09,1.12,0.45
2025-03-17 11:30:00+00:00,New Delhi-8118,27.0,31.72,34.88,-0.15,0.95,-1.35
2025-03-17 15:30:00+00:00,New Delhi-8118,40.0,23.66,30.07,-0.09,-0.9,-1.77
2025-03-18 17:30:00+00:00,New Delhi-8118,82.0,30.95,68.1,0.1,0.77,1.58
2025-03-18 20:30:00+00:00,New Delhi-8118,101.0,26.11,30.48,0.19,-0.34,-1.74
2025-03-19 00:30:00+00:00,New Delhi-8118,142.0,20.91,67.5,0.38,-1.53,1.52
2025-03-19 04:30:00+00:00,New Delhi-8118,72.0,22.16,45.6,0.05,-1.25,-0.4
2025-03-24 00:30:00+00:00,New Delhi-8118,93.0,30.6,61.07,0.15,0.69,0.96
2025-03-24 05:30:00+00:00,New Delhi-8118,37.0,28.03,49.57,-0.11,0.1,-0.06
2025-03-24 09:30:00+00:00,New Delhi-8118,32.0,23.04,48.95,-0.13,-1.05,-0.11
2025-03-24 13:30:00+00:00,New Delhi-8118,39.0,32.83,45.47,-0.1,1.2,-0.42
2025-03-24 02:30:00+00:00,New Delhi-8118,113.0,34.15,62.1,0.24,1.5,1.05
2025-03-24 07:30:00+00:00,New Delhi-8118,30.0,27.93,60.13,-0.14,0.08,0.87
2025-03-24 11:30:00+00:00,New Delhi-8118,21.0,25.54,66.87,-0.18,-0.47,1.47
2025-03-24 15:30:00+00:00,New Delhi-8118,72.0,30.97,63.8,0.05,0.77,1.2
2025-03-26 05:30:00+00:00,New Delhi-8118,43.0,21.74,66.02,-0.08,-1.34,1.39
2025-03-26 09:30:00+00:00,New Delhi-8118,29.0,34.94,65.66,-0.15,1.68,1.36
2025-03-26 13:30:00+00:00,New Delhi-8118,44.0,27.5,44.83,-0.08,-0.02,-0.47
2025-03-26 17:30:00+00:00,New Delhi-8118,71.0,24.14,45.99,0.05,-0.79,-0.37
2025-03-31 04:30:00+00:00,New Delhi-8118,154.0,33.24,58.07,0.43,1.29,0.69
2025-03-31 09:30:00+00:00,New Delhi-8118,16.0,28.56,49.66,-0.21,0.22,-0.05
2025-03-31 13:30:00+00:00,New Delhi-8118,13.0,24.4,43.7,-0.22,-0.73,-0.57
2025-03-31 17:30:00+00:00,New Delhi-8118,44.0,30.06,35.47,-0.08,0.56,-1.3
2025-03-31 06:30:00+00:00,New Delhi-8118,82.0,29.09,59.8,0.1,0.34,0.84
2025-03-31 21:30:00+00:00,New Delhi-8118,63.0,31.77,66.05,0.01,0.96,1.4
2025-04-01 01:30:00+00:00,New Delhi-8118,167.0,25.71,38.49,0.49,-0.43,-1.03
2025-04-01 05:30:00+00:00,New Delhi-8118,98.0,21.42,31.0,0.17,-1.42,-1.69
2025-04-02 05:30:00+00:00,New Delhi-8118,110.0,26.08,67.31,0.23,-0.35,1.51
2025-04-02 09:30:00+00:00,New Delhi-8118,29.0,25.0,37.99,-0.15,-0.6,-1.07
2025-04-02 13:30:00+00:00,New Delhi-8118,42.0,28.95,38.52,-0.09,0.31,-1.03
2025-04-02 17:30:00+00:00,New Delhi-8118,69.0,31.5,57.86,0.04,0.89,0.67
2025-04-02 23:30:00+00:00,New Delhi-8118,74.0,30.02,52.09,0.06,0.56,0.17
2025-04-03 03:30:00+00:00,New Delhi-8118,103.0,26.25,33.7,0.2,-0.31,-1.45
2025-04-03 07:30:00+00:00,New Delhi-8118,33.0,24.3,66.49,-0.13,-0.76,1.43
2025-04-03 11:30:00+00:00,New Delhi-8118,22.0,20.86,53.94,-0.18,-1.55,0.33
2025-04-10 19:30:00+00:00,New Delhi-8118,48.0,31.21,58.77,-0.06,0.83,0.75
2025-04-10 23:30:00+00:00,New Delhi-8118,40.0,26.65,67.29,-0.09,-0.22,1.5
2025-04-11 03:30:00+00:00,New Delhi-8118,49.0,29.6,42.73,-0.05,0.46,-0.66
2025-04-11 07:30:00+00:00,New Delhi-8118,63.0,20.45,44.61,0.01,-1.64,-0.49
2025-04-16 20:30:00+00:00,New Delhi-8118,76.0,33.97,34.09,0.07,1.46,-1.42
2025-04-17 00:30:00+00:00,New Delhi-8118,69.0,26.7,49.24,0.04,-0.21,-0.08
2025-04-17 04:30:00+00:00,New Delhi-8118,61.0,21.71,44.56,0.0,-1.35,-0.5
2025-04-17 08:30:00+00:00,New Delhi-8118,46.0,26.94,34.72,-0.07,-0.15,-1.36
2025-04-16 21:30:00+00:00,New Delhi-8118,71.0,20.24,42.42,0.05,-1.69,-0.68
2025-04-17 01:30:00+00:00,New Delhi-8118,60.0,33.68,43.5,-0.0,1.39,-0.59
2025-04-17 05:30:00+00:00,New Delhi-8118,65.0,27.52,51.91,0.02,-0.02,0.15
2025-04-17 09:30:00+00:00,New Delhi-8118,47.0,32.81,53.45,-0.06,1.2,0.29
2025-04-20 21:30:00+00:00,New Delhi-8118,82.0,26.87,38.0,0.1,-0.17,-1.07
2025-04-21 01:30:00+00:00,New Delhi-8118,86.0,31.96,54.07,0.12,1.0,0.34
2025-04-21 05:30:00+00:00,New Delhi-8118,77.0,24.81,63.77,0.08,-0.64,1.19
2025-04-21 09:30:00+00:00,New Delhi-8118,54.0,22.81,68.29,-0.03,-1.1,1.59
2025-04-21 16:30:00+00:00,New Delhi-8118,66.0,26.7,44.6,0.03,-0.21,-0.49
2025-04-21 19:30:00+00:00,New Delhi-8118,99.0,25.94,61.09,0.18,-0.38,0.96
2025-04-21 23:30:00+00:00,New Delhi-8118,115.0,27.86,32.01,0.25,0.06,-1.6
2025-04-22 03:30:00+00:00,New Delhi-8118,78.0,28.46,41.14,0.08,0.2,-0.8
2025-03-26 06:30:00+00:00,New Delhi-8118,32.0,21.19,67.9,-0.13,-1.47,1.56
2025-03-26 10:30:00+00:00,New Delhi-8118,21.0,33.49,31.06,-0.18,1.35,-1.68
2025-03-26 14:30:00+00:00,New Delhi-8118,47.0,22.1,64.41,-0.06,-1.26,1.25
2025-03-26 18:30:00+00:00,New Delhi-8118,92.0,20.21,60.84,0.15,-1.7,0.94
2025-04-10 20:30:00+00:00,New Delhi-8118,45.0,20.63,48.8,-0.07,-1.6,-0.12
2025-04-11 00:30:00+00:00,New Delhi-8118,44.0,31.1,46.15,-0.08,0.8,-0.36
2025-04-11 04:30:00+00:00,New Delhi-8118,64.0,25.07,56.04,0.02,-0.58,0.51
2025-04-11 08:30:00+00:00,New Delhi-8118,87.0,21.66,52.08,0.12,-1.36,0.17
2025-04-11 12:30:00+00:00,New Delhi-8118,39.0,27.02,45.1,-0.1,-0.13,-0.45
2025-04-11 16:30:00+00:00,New Delhi-8118,13.0,26.06,66.77,-0.22,-0.35,1.46
2025-04-11 19:30:00+00:00,New Delhi-8118,30.0,30.53,56.92,-0.14,0.67,0.59
2025-04-11 23:30:00+00:00,New Delhi-8118,47.0,28.92,32.5,-0.06,0.3,-1.56
2025-04-12 05:30:00+00:00,New Delhi-8118,46.0,24.13,62.11,-0.07,-0.8,1.05
2025-04-12 09:30:00+00:00,New Delhi-8118,59.0,24.23,59.77,-0.01,-0.77,0.84
2025-04-12 13:30:00+00:00,New Delhi-8118,51.0,24.12,47.9,-0.04,-0.8,-0.2
2025-04-12 17:30:00+00:00,New Delhi-8118,44.0,25.4,41.06,-0.08,-0.5,-0.8
2025-04-06 03:30:00+00:00,New Delhi-8118,86.0,23.8,63.0,0.12,-0.87,1.13
2025-04-06 07:30:00+00:00,New Delhi-8118,59.0,28.52,44.85,-0.01,0.21,-0.47
2025-04-06 11:30:00+00:00,New Delhi-8118,26.0,31.79,43.12,-0.16,0.96,-0.62
2025-04-06 15:30:00+00:00,New Delhi-8118,49.0,30.7,36.96,-0.05,0.71,-1.17
2025-03-11 16:30:00+00:00,New Delhi-8118,93.0,21.25,67.54,0.15,-1.46,1.53
2025-03-11 22:30:00+00:00,New Delhi-8118,163.0,34.17,64.12,0.47,1.51,1.23
2025-03-12 02:30:00+00:00,New Delhi-8118,147.0,27.14,42.64,0.4,-0.11,-0.67
2025-04-08 15:30:00+00:00,New Delhi-8118,96.0,23.97,32.65,0.16,-0.83,-1.54
2025-04-08 22:30:00+00:00,New Delhi-8118,105.0,21.48,66.79,0.21,-1.4,1.46
2025-04-09 02:30:00+00:00,New Delhi-8118,110.0,33.98,60.85,0.23,1.46,0.94
2025-03-31 22:30:00+00:00,New Delhi-8118,63.0,25.63,49.93,0.01,-0.45,-0.02
2025-04-01 02:30:00+00:00,New Delhi-8118,159.0,21.08,42.24,0.46,-1.5,-0.7
2025-04-01 06:30:00+00:00,New Delhi-8118,63.0,28.27,41.45,0.01,0.15,-0.77
2025-04-25 15:30:00+00:00,New Delhi-8118,62.0,30.33,52.58,0.01,0.63,0.21
2025-04-25 22:30:00+00:00,New Delhi-8118,151.0,23.8,43.97,0.42,-0.87,-0.55
2025-04-26 02:30:00+00:00,New Delhi-8118,160.0,21.46,42.19,0.46,-1.41,-0.7
2025-03-07 22:30:00+00:00,New Delhi-8118,119.0,23.31,35.12,0.27,-0.98,-1.33
2025-03-08 02:30:00+00:00,New Delhi-8118,99.0,27.93,44.31,0.18,0.08,-0.52
2025-03-08 06:30:00+00:00,New Delhi-8118,48.0,20.89,30.63,-0.06,-1.54,-1.72
2025-03-24 22:30:00+00:00,New Delhi-8118,125.0,32.78,63.95,0.3,1.19,1.21
2025-03-25 02:30:00+00:00,New Delhi-8118,149.0,29.45,38.45,0.41,0.42,-1.03
2025-03-25 06:30:00+00:00,New Delhi-8118,66.0,33.38,51.82,0.03,1.33,0.14
2025-04-21 15:30:00+00:00,New Delhi-8118,63.0,25.04,58.46,0.01,-0.59,0.73
2025-04-21 22:30:00+00:00,New Delhi-8118,97.0,22.63,56.49,0.17,-1.14,0.55
2025-04-22 02:30:00+00:00,New Delhi-8118,66.0,34.02,47.14,0.03,1.47,-0.27
2025-03-16 11:30:00+00:00,New Delhi-8118,17.0,30.91,67.77,-0.2,0.76,1.55
2025-03-16 15:30:00+00:00,New Delhi-8118,33.0,30.5,51.35,-0.13,0.67,0.1
2025-03-16 22:30:00+00:00,New Delhi-8118,57.0,28.48,68.08,-0.02,0.2,1.57
2025-03-19 11:30:00+00:00,New Delhi-8118,18.0,35.0,45.89,-0.2,1.7,-0.38
2025-03-19 15:30:00+00:00,New Delhi-8118,50.0,33.08,54.13,-0.05,1.26,0.35
2025-03-19 22:30:00+00:00,New Delhi-8118,58.0,26.83,69.11,-0.01,-0.18,1.66
2025-04-13 15:30:00+00:00,New Delhi-8118,78.0,29.95,40.09,0.08,0.54,-0.89
2025-04-13 22:30:00+00:00,New Delhi-8118,78.0,28.62,38.4,0.08,0.23,-1.04
2025-04-14 02:30:00+00:00,New Delhi-8118,111.0,27.98,57.34,0.23,0.09,0.63
2025-03-27 22:30:00+00:00,New Delhi-8118,68.0,28.82,33.36,0.04,0.28,-1.48
2025-03-28 05:30:00+00:00,New Delhi-8118,62.0,32.07,43.49,0.01,1.03,-0.59
2025-03-28 09:30:00+00:00,New Delhi-8118,32.0,29.3,64.85,-0.13,0.39,1.29
2025-04-01 11:30:00+00:00,New Delhi-8118,18.0,31.0,40.67,-0.2,0.78,-0.84
2025-04-01 15:30:00+00:00,New Delhi-8118,69.0,33.8,59.05,0.04,1.42,0.78
2025-04-01 22:30:00+00:00,New Delhi-8118,99.0,20.88,67.19,0.18,-1.54,1.5
2025-04-10 22:30:00+00:00,New Delhi-8118,31.0,23.74,49.8,-0.14,-0.89,-0.04
2025-04-11 02:30:00+00:00,New Delhi-8118,44.0,25.39,62.76,-0.08,-0.51,1.11
2025-04-11 06:30:00+00:00,New Delhi-8118,59.0,33.01,55.92,-0.01,1.24,0.5
2025-04-27 18:30:00+00:00,New Delhi-8118,159.0,31.58,64.2,0.46,0.91,1.23
